[{"fields": {"model": "logentry", "app_label": "admin"}, "model": "contenttypes.contenttype", "pk": 1}, {"fields": {"model": "permission", "app_label": "auth"}, "model": "contenttypes.contenttype", "pk": 2}, {"fields": {"model": "group", "app_label": "auth"}, "model": "contenttypes.contenttype", "pk": 3}, {"fields": {"model": "contenttype", "app_label": "contenttypes"}, "model": "contenttypes.contenttype", "pk": 4}, {"fields": {"model": "session", "app_label": "sessions"}, "model": "contenttypes.contenttype", "pk": 5}, {"fields": {"model": "user", "app_label": "blog"}, "model": "contenttypes.contenttype", "pk": 6}, {"fields": {"model": "post", "app_label": "blog"}, "model": "contenttypes.contenttype", "pk": 7}, {"fields": {"model": "picture", "app_label": "blog"}, "model": "contenttypes.contenttype", "pk": 8}, {"fields": {"model": "friendship", "app_label": "blog"}, "model": "contenttypes.contenttype", "pk": 9}, {"fields": {"model": "comment", "app_label": "blog"}, "model": "contenttypes.contenttype", "pk": 10}, {"fields": {"model": "message", "app_label": "blog"}, "model": "contenttypes.contenttype", "pk": 11}, {"fields": {"model": "usermessagescount", "app_label": "blog"}, "model": "contenttypes.contenttype", "pk": 12}, {"fields": {"expire_date": "2018-03-12T09:49:53.375Z", "session_data": "ZTlmNWM3MjgwZThkNmNiOWFjNmI3NzFmM2FjYjFkYjRiYTRjZjg3NDp7Il9hdXRoX3VzZXJfaGFzaCI6IjRjZGVkZTg1NTAwNGVjMjFjODFlMGRmODUzZTY0NTU0MDY5YzM5OGMiLCJfYXV0aF91c2VyX2JhY2tlbmQiOiJkamFuZ28uY29udHJpYi5hdXRoLmJhY2tlbmRzLk1vZGVsQmFja2VuZCIsIl9hdXRoX3VzZXJfaWQiOiIxIn0="}, "model": "sessions.session", "pk": "0gi289iknmkcdfxmq8qyiurapcgi20ry"}, {"fields": {"expire_date": "2018-03-20T03:34:49.271Z", "session_data": "ZTlmNWM3MjgwZThkNmNiOWFjNmI3NzFmM2FjYjFkYjRiYTRjZjg3NDp7Il9hdXRoX3VzZXJfaGFzaCI6IjRjZGVkZTg1NTAwNGVjMjFjODFlMGRmODUzZTY0NTU0MDY5YzM5OGMiLCJfYXV0aF91c2VyX2JhY2tlbmQiOiJkamFuZ28uY29udHJpYi5hdXRoLmJhY2tlbmRzLk1vZGVsQmFja2VuZCIsIl9hdXRoX3VzZXJfaWQiOiIxIn0="}, "model": "sessions.session", "pk": "1idcer558081vngl2n6w648wkm8ii7rq"}, {"fields": {"expire_date": "2018-03-20T02:44:39.771Z", "session_data": "M2VhODdjOGUxYjIwZWQ4N2U2YWFhZDgwMmY4ZjUxMjljZWRiOTg2Yzp7Il9hdXRoX3VzZXJfaGFzaCI6IjA4OWIwZmNjYjQwZDMyM2FmYjllNGM2ZTdhNjZjODk5YmU5OWVkMDMiLCJfYXV0aF91c2VyX2JhY2tlbmQiOiJkamFuZ28uY29udHJpYi5hdXRoLmJhY2tlbmRzLk1vZGVsQmFja2VuZCIsIl9hdXRoX3VzZXJfaWQiOiI1In0="}, "model": "sessions.session", "pk": "49e2e986fpw70wlpk17f5hyxbjfrn98d"}, {"fields": {"expire_date": "2018-02-23T02:14:41.890Z", "session_data": "ZGUzMmYwYzYzNDUwMzE1OWVhNzhmYTRmY2JlYjBjZThiNGY5MmQyYjp7fQ=="}, "model": "sessions.session", "pk": "aktdg9zo56280tfjn4557q4hxijyzuky"}, {"fields": {"article": 5, "image_url": "\u71d5\u9ea6\u9178\u5976\u676f-\u597d\u5403\u5230\u8fde\u676f\u5b50\u4e5f\u5403\u63891.jpg", "type": "1"}, "model": "blog.picture", "pk": 16}, {"fields": {"article": 5, "image_url": "\u71d5\u9ea6\u9178\u5976\u676f-\u597d\u5403\u5230\u8fde\u676f\u5b50\u4e5f\u5403\u63892.jpg", "type": "1"}, "model": "blog.picture", "pk": 17}, {"fields": {"article": 5, "image_url": "\u71d5\u9ea6\u9178\u5976\u676f-\u597d\u5403\u5230\u8fde\u676f\u5b50\u4e5f\u5403\u63893.jpg", "type": "1"}, "model": "blog.picture", "pk": 18}, {"fields": {"article": 6, "image_url": "\u60c5\u57231.jpg", "type": "3"}, "model": "blog.picture", "pk": 19}, {"fields": {"article": 6, "image_url": "\u60c5\u57232.jpg", "type": "3"}, "model": "blog.picture", "pk": 20}, {"fields": {"article": 6, "image_url": "\u60c5\u57233.jpg", "type": "3"}, "model": "blog.picture", "pk": 21}, {"fields": {"article": 7, "image_url": "\u5bd2\u51b7\u968f\u8bb01.jpeg", "type": "4"}, "model": "blog.picture", "pk": 22}, {"fields": {"article": 12, "image_url": "\u5510\u4eba\u8857\u63a2\u684821.gif", "type": "3"}, "model": "blog.picture", "pk": 25}, {"fields": {"article": 12, "image_url": "\u5510\u4eba\u8857\u63a2\u684822.gif", "type": "3"}, "model": "blog.picture", "pk": 26}, {"fields": {"article": 13, "image_url": "\u3010\u98df\u00b7\u8272\u83dc\u54c1\u3011\u2014\u2014\u9999\u8106\u70b8\u9165\u80891.jpg", "type": "1"}, "model": "blog.picture", "pk": 27}, {"fields": {"article": 13, "image_url": "\u3010\u98df\u00b7\u8272\u83dc\u54c1\u3011\u2014\u2014\u9999\u8106\u70b8\u9165\u80892.jpg", "type": "1"}, "model": "blog.picture", "pk": 28}, {"fields": {"article": 14, "image_url": "\u3010\u80e1\u841d\u535c\u78a7\u6839\u679c\u9762\u5305\u30111.jpg", "type": "1"}, "model": "blog.picture", "pk": 29}, {"fields": {"article": 14, "image_url": "\u3010\u80e1\u841d\u535c\u78a7\u6839\u679c\u9762\u5305\u30112.jpg", "type": "1"}, "model": "blog.picture", "pk": 30}, {"fields": {"article": 14, "image_url": "\u3010\u80e1\u841d\u535c\u78a7\u6839\u679c\u9762\u5305\u30113.jpg", "type": "1"}, "model": "blog.picture", "pk": 31}, {"fields": {"article": 16, "image_url": "\u4e00\u6708\uff1a\u5317\u5c71\u96ea\u3001\u70df\u96e8\u897f\u6e561.jpeg", "type": "0"}, "model": "blog.picture", "pk": 32}, {"fields": {"article": 16, "image_url": "\u4e00\u6708\uff1a\u5317\u5c71\u96ea\u3001\u70df\u96e8\u897f\u6e562.jpeg", "type": "0"}, "model": "blog.picture", "pk": 33}, {"fields": {"article": 16, "image_url": "\u4e00\u6708\uff1a\u5317\u5c71\u96ea\u3001\u70df\u96e8\u897f\u6e563.jpeg", "type": "0"}, "model": "blog.picture", "pk": 34}, {"fields": {"article": 16, "image_url": "\u4e00\u6708\uff1a\u5317\u5c71\u96ea\u3001\u70df\u96e8\u897f\u6e564.jpeg", "type": "0"}, "model": "blog.picture", "pk": 35}, {"fields": {"article": 16, "image_url": "\u4e00\u6708\uff1a\u5317\u5c71\u96ea\u3001\u70df\u96e8\u897f\u6e565.jpeg", "type": "0"}, "model": "blog.picture", "pk": 36}, {"fields": {"article": 16, "image_url": "\u4e00\u6708\uff1a\u5317\u5c71\u96ea\u3001\u70df\u96e8\u897f\u6e566.jpeg", "type": "0"}, "model": "blog.picture", "pk": 37}, {"fields": {"article": 17, "image_url": "\u676d\u5dde\u897f\u6e561.jpeg", "type": "0"}, "model": "blog.picture", "pk": 38}, {"fields": {"article": 18, "image_url": "\u7b2c\u4e8c\u65e5\uff0c\u7ecd\u51741.jpeg", "type": "0"}, "model": "blog.picture", "pk": 39}, {"fields": {"article": 18, "image_url": "\u7b2c\u4e8c\u65e5\uff0c\u7ecd\u51742.jpeg", "type": "0"}, "model": "blog.picture", "pk": 40}, {"fields": {"article": 18, "image_url": "\u7b2c\u4e8c\u65e5\uff0c\u7ecd\u51743.jpeg", "type": "0"}, "model": "blog.picture", "pk": 41}, {"fields": {"article": 19, "image_url": "\u4e8c\u6708:\u90fd\u6c5f\u5830\u3001\u725b\u80cc\u5c71\u3001\u8272\u8fbe\u3001\u4e5d\u5be8\u6c9f1.jpeg", "type": "0"}, "model": "blog.picture", "pk": 42}, {"fields": {"article": 19, "image_url": "\u4e8c\u6708:\u90fd\u6c5f\u5830\u3001\u725b\u80cc\u5c71\u3001\u8272\u8fbe\u3001\u4e5d\u5be8\u6c9f2.jpeg", "type": "0"}, "model": "blog.picture", "pk": 43}, {"fields": {"article": 19, "image_url": "\u4e8c\u6708:\u90fd\u6c5f\u5830\u3001\u725b\u80cc\u5c71\u3001\u8272\u8fbe\u3001\u4e5d\u5be8\u6c9f3.jpeg", "type": "0"}, "model": "blog.picture", "pk": 44}, {"fields": {"article": 19, "image_url": "\u4e8c\u6708:\u90fd\u6c5f\u5830\u3001\u725b\u80cc\u5c71\u3001\u8272\u8fbe\u3001\u4e5d\u5be8\u6c9f4.jpeg", "type": "0"}, "model": "blog.picture", "pk": 45}, {"fields": {"article": 21, "image_url": "\u725b\u80cc\u5c711.jpeg", "type": "0"}, "model": "blog.picture", "pk": 46}, {"fields": {"article": 21, "image_url": "\u725b\u80cc\u5c712.jpeg", "type": "0"}, "model": "blog.picture", "pk": 47}, {"fields": {"article": 21, "image_url": "\u725b\u80cc\u5c713.jpeg", "type": "0"}, "model": "blog.picture", "pk": 48}, {"fields": {"article": 22, "image_url": "\u56db\u4eba\u540c1.jpeg", "type": "0"}, "model": "blog.picture", "pk": 49}, {"fields": {"article": 23, "image_url": "\u8272\u8fbe1.jpeg", "type": "0"}, "model": "blog.picture", "pk": 50}, {"fields": {"article": 23, "image_url": "\u8272\u8fbe2.jpeg", "type": "0"}, "model": "blog.picture", "pk": 51}, {"fields": {"article": 24, "image_url": "\u8272\u8fbe1.jpeg", "type": "0"}, "model": "blog.picture", "pk": 52}, {"fields": {"article": 24, "image_url": "\u8272\u8fbe2.jpeg", "type": "0"}, "model": "blog.picture", "pk": 53}, {"fields": {"article": 24, "image_url": "\u8272\u8fbe3.jpeg", "type": "0"}, "model": "blog.picture", "pk": 54}, {"fields": {"article": 25, "image_url": "\u4e5d\u5be8\u6c9f\u3001\u9ec4\u9f991.jpeg", "type": "0"}, "model": "blog.picture", "pk": 55}, {"fields": {"article": 25, "image_url": "\u4e5d\u5be8\u6c9f\u3001\u9ec4\u9f992.jpeg", "type": "0"}, "model": "blog.picture", "pk": 56}, {"fields": {"article": 25, "image_url": "\u4e5d\u5be8\u6c9f\u3001\u9ec4\u9f993.jpeg", "type": "0"}, "model": "blog.picture", "pk": 57}, {"fields": {"article": 26, "image_url": "\u4e09\u6708\uff1a\u6e56\u5dde\u3001\u6e90\u4e1c\u6843\u82b1\u5b63\u3001\u7b2c\u4e8c\u6b21\u73af\u897f\u6e561.jpeg", "type": "0"}, "model": "blog.picture", "pk": 58}, {"fields": {"article": 27, "image_url": "\u6e90\u4e1c\u6843\u82b1\u5b63\u30021.jpeg", "type": "0"}, "model": "blog.picture", "pk": 59}, {"fields": {"article": 28, "image_url": "\u73af\u897f\u6e56\uff0c\u8d70\u4e5d\u6eaa\uff0c\u4e0a\u9f99\u4e95\u30021.jpeg", "type": "0"}, "model": "blog.picture", "pk": 60}, {"fields": {"article": 31, "image_url": "\u516d\u6708\uff1a\u821f\u5c71--\u53c8\u662f\u5144\u5f1f\u805a\u4f1a\u65f61.jpeg", "type": "0"}, "model": "blog.picture", "pk": 61}, {"fields": {"article": 31, "image_url": "\u516d\u6708\uff1a\u821f\u5c71--\u53c8\u662f\u5144\u5f1f\u805a\u4f1a\u65f62.jpeg", "type": "0"}, "model": "blog.picture", "pk": 62}, {"fields": {"article": 31, "image_url": "\u516d\u6708\uff1a\u821f\u5c71--\u53c8\u662f\u5144\u5f1f\u805a\u4f1a\u65f63.jpeg", "type": "0"}, "model": "blog.picture", "pk": 63}, {"fields": {"article": 31, "image_url": "\u516d\u6708\uff1a\u821f\u5c71--\u53c8\u662f\u5144\u5f1f\u805a\u4f1a\u65f64.jpeg", "type": "0"}, "model": "blog.picture", "pk": 64}, {"fields": {"article": 31, "image_url": "\u516d\u6708\uff1a\u821f\u5c71--\u53c8\u662f\u5144\u5f1f\u805a\u4f1a\u65f65.jpeg", "type": "0"}, "model": "blog.picture", "pk": 65}, {"fields": {"article": 33, "image_url": "\u5317\u7586\u884c\u8bb01.jpeg", "type": "0"}, "model": "blog.picture", "pk": 66}, {"fields": {"article": 33, "image_url": "\u5317\u7586\u884c\u8bb02.jpeg", "type": "0"}, "model": "blog.picture", "pk": 67}, {"fields": {"article": 33, "image_url": "\u5317\u7586\u884c\u8bb03.jpeg", "type": "0"}, "model": "blog.picture", "pk": 68}, {"fields": {"article": 34, "image_url": "\u5317\u75861.jpeg", "type": "0"}, "model": "blog.picture", "pk": 69}, {"fields": {"article": 40, "image_url": " Django\u7684\u4fe1\u53f7\u673a\u5236\u8be6\u89e31.jpeg", "type": "4"}, "model": "blog.picture", "pk": 71}, {"fields": {"unread_count": 4, "total_count": 8}, "model": "blog.usermessagescount", "pk": 1}, {"fields": {"unread_count": 24, "total_count": 24}, "model": "blog.usermessagescount", "pk": 2}, {"fields": {"unread_count": 41, "total_count": 53}, "model": "blog.usermessagescount", "pk": 5}, {"fields": {"codename": "add_logentry", "name": "Can add log entry", "content_type": 1}, "model": "auth.permission", "pk": 1}, {"fields": {"codename": "change_logentry", "name": "Can change log entry", "content_type": 1}, "model": "auth.permission", "pk": 2}, {"fields": {"codename": "delete_logentry", "name": "Can delete log entry", "content_type": 1}, "model": "auth.permission", "pk": 3}, {"fields": {"codename": "add_permission", "name": "Can add permission", "content_type": 2}, "model": "auth.permission", "pk": 4}, {"fields": {"codename": "change_permission", "name": "Can change permission", "content_type": 2}, "model": "auth.permission", "pk": 5}, {"fields": {"codename": "delete_permission", "name": "Can delete permission", "content_type": 2}, "model": "auth.permission", "pk": 6}, {"fields": {"codename": "add_group", "name": "Can add group", "content_type": 3}, "model": "auth.permission", "pk": 7}, {"fields": {"codename": "change_group", "name": "Can change group", "content_type": 3}, "model": "auth.permission", "pk": 8}, {"fields": {"codename": "delete_group", "name": "Can delete group", "content_type": 3}, "model": "auth.permission", "pk": 9}, {"fields": {"codename": "add_contenttype", "name": "Can add content type", "content_type": 4}, "model": "auth.permission", "pk": 10}, {"fields": {"codename": "change_contenttype", "name": "Can change content type", "content_type": 4}, "model": "auth.permission", "pk": 11}, {"fields": {"codename": "delete_contenttype", "name": "Can delete content type", "content_type": 4}, "model": "auth.permission", "pk": 12}, {"fields": {"codename": "add_session", "name": "Can add session", "content_type": 5}, "model": "auth.permission", "pk": 13}, {"fields": {"codename": "change_session", "name": "Can change session", "content_type": 5}, "model": "auth.permission", "pk": 14}, {"fields": {"codename": "delete_session", "name": "Can delete session", "content_type": 5}, "model": "auth.permission", "pk": 15}, {"fields": {"codename": "add_user", "name": "Can add user", "content_type": 6}, "model": "auth.permission", "pk": 16}, {"fields": {"codename": "change_user", "name": "Can change user", "content_type": 6}, "model": "auth.permission", "pk": 17}, {"fields": {"codename": "delete_user", "name": "Can delete user", "content_type": 6}, "model": "auth.permission", "pk": 18}, {"fields": {"codename": "add_post", "name": "Can add post", "content_type": 7}, "model": "auth.permission", "pk": 19}, {"fields": {"codename": "change_post", "name": "Can change post", "content_type": 7}, "model": "auth.permission", "pk": 20}, {"fields": {"codename": "delete_post", "name": "Can delete post", "content_type": 7}, "model": "auth.permission", "pk": 21}, {"fields": {"codename": "add_picture", "name": "Can add picture", "content_type": 8}, "model": "auth.permission", "pk": 22}, {"fields": {"codename": "change_picture", "name": "Can change picture", "content_type": 8}, "model": "auth.permission", "pk": 23}, {"fields": {"codename": "delete_picture", "name": "Can delete picture", "content_type": 8}, "model": "auth.permission", "pk": 24}, {"fields": {"codename": "add_friendship", "name": "Can add friendship", "content_type": 9}, "model": "auth.permission", "pk": 25}, {"fields": {"codename": "change_friendship", "name": "Can change friendship", "content_type": 9}, "model": "auth.permission", "pk": 26}, {"fields": {"codename": "delete_friendship", "name": "Can delete friendship", "content_type": 9}, "model": "auth.permission", "pk": 27}, {"fields": {"codename": "add_comment", "name": "Can add comment", "content_type": 10}, "model": "auth.permission", "pk": 28}, {"fields": {"codename": "change_comment", "name": "Can change comment", "content_type": 10}, "model": "auth.permission", "pk": 29}, {"fields": {"codename": "delete_comment", "name": "Can delete comment", "content_type": 10}, "model": "auth.permission", "pk": 30}, {"fields": {"codename": "add_message", "name": "Can add message", "content_type": 11}, "model": "auth.permission", "pk": 31}, {"fields": {"codename": "change_message", "name": "Can change message", "content_type": 11}, "model": "auth.permission", "pk": 32}, {"fields": {"codename": "delete_message", "name": "Can delete message", "content_type": 11}, "model": "auth.permission", "pk": 33}, {"fields": {"codename": "add_usermessagescount", "name": "Can add user messages count", "content_type": 12}, "model": "auth.permission", "pk": 34}, {"fields": {"codename": "change_usermessagescount", "name": "Can change user messages count", "content_type": 12}, "model": "auth.permission", "pk": 35}, {"fields": {"codename": "delete_usermessagescount", "name": "Can delete user messages count", "content_type": 12}, "model": "auth.permission", "pk": 36}, {"fields": {"username": "admin", "first_name": "", "last_name": "", "mysignature": "rtryrty", "is_active": true, "is_superuser": true, "is_staff": true, "last_login": "2018-03-06T03:34:49.052Z", "avatar": "admin-pig4.jpg", "groups": [], "user_register_time": "2018-02-08T06:49:40.426Z", "user_permissions": [], "last_seen": "2018-03-06T03:34:49.177Z", "password": "pbkdf2_sha256$20000$qeTUWMKHxLEX$utF5mVQJpafTpzaGljL1PkJ7+hYm7+cahTABcZTkJ1s=", "email": "admin@163.com", "date_joined": "2018-02-08T06:49:40.379Z"}, "model": "blog.user", "pk": 1}, {"fields": {"username": "\u4e1c\u897f\u5357\u5317", "first_name": "", "last_name": "", "mysignature": "\u4e1c\u4e1c\u4e1c\u4e1c", "is_active": true, "is_superuser": false, "is_staff": false, "last_login": "2018-02-09T09:14:06.812Z", "avatar": "avatar-default.jpg", "groups": [], "user_register_time": "2018-02-09T05:54:26.750Z", "user_permissions": [], "last_seen": "2018-02-09T09:14:06.921Z", "password": "pbkdf2_sha256$20000$4lcTAIgSliWf$vOiDJ1/3iaA7IxjhZACYCHWRGykdvGB1AtzwzkSfWOg=", "email": "www@qqsd.com", "date_joined": "2018-02-09T05:54:26.718Z"}, "model": "blog.user", "pk": 2}, {"fields": {"username": "aaa", "first_name": "", "last_name": "", "mysignature": null, "is_active": true, "is_superuser": false, "is_staff": false, "last_login": "2018-02-09T09:11:44.593Z", "avatar": "avatar-default.jpg", "groups": [], "user_register_time": "2018-02-09T09:11:44.187Z", "user_permissions": [], "last_seen": "2018-02-09T09:11:44.187Z", "password": "pbkdf2_sha256$20000$KE2sXTypaHs7$0pxyycGOXsHqBJ4Htdtvcl/oo7muo0POn8btlBQ9jyw=", "email": "aaa@163.com", "date_joined": "2018-02-09T09:11:44.156Z"}, "model": "blog.user", "pk": 3}, {"fields": {"username": "xiaoming", "first_name": "", "last_name": "", "mysignature": "", "is_active": true, "is_superuser": false, "is_staff": false, "last_login": "2018-02-22T06:35:18.022Z", "avatar": "xiaoming-dynamic3.gif", "groups": [], "user_register_time": "2018-02-22T06:35:17.476Z", "user_permissions": [], "last_seen": "2018-02-22T06:35:17.476Z", "password": "pbkdf2_sha256$20000$Q9k1c9jKf3tw$6SUfI4gpbzmuw5oT7cfxdYKG2Ycbb4/vcMJrrjSgy8E=", "email": "xiaoming@qq.com", "date_joined": "2018-02-22T06:35:17.429Z"}, "model": "blog.user", "pk": 4}, {"fields": {"username": "hello", "first_name": "", "last_name": "", "mysignature": null, "is_active": true, "is_superuser": false, "is_staff": false, "last_login": "2018-03-06T02:44:39.599Z", "avatar": "avatar-default.jpg", "groups": [], "user_register_time": "2018-02-26T04:09:53.522Z", "user_permissions": [], "last_seen": "2018-03-06T02:44:39.693Z", "password": "pbkdf2_sha256$20000$cT6JXy8hF6lo$Wsg/4ccfiXfxM23FewjGjySODvnUf6/+7oskxzHvDXk=", "email": "hello@qq.com", "date_joined": "2018-02-26T04:09:53.491Z"}, "model": "blog.user", "pk": 5}, {"fields": {"username": "bigbig", "first_name": "", "last_name": "", "mysignature": null, "is_active": true, "is_superuser": false, "is_staff": false, "last_login": "2018-02-28T01:11:21.468Z", "avatar": "avatar-default.jpg", "groups": [], "user_register_time": "2018-02-28T01:11:20.859Z", "user_permissions": [], "last_seen": "2018-02-28T01:11:20.859Z", "password": "pbkdf2_sha256$20000$GihztUariZzB$fMvvGptt1TIqQQDyqsDxQKIVM0lFElD0t1paIIvQG6U=", "email": "bigbig@qq.com", "date_joined": "2018-02-28T01:11:20.796Z"}, "model": "blog.user", "pk": 6}, {"fields": {"body": "\u539f\u6599\uff1a\u71d5\u9ea680\u514b \u7f8e\u56fd\u78a7\u6839\u679c20\u514b \u9999\u8549120\u514b\uff081\u6839\uff09 \u8702\u871c50\u514b\r\n\u914d\u6599\uff1a\u9178\u5976 \u7f8e\u56fd\u51b7\u51bb\u84dd\u8393 \u81ea\u5df1\u559c\u6b22\u7684\u5176\u5b83\u6c34\u679c\r\n\u70d8\u7119\uff1a\u70e4\u7bb1\u4e2d\u5c42\uff0c\u4e0a\u4e0b\u706b170\u5ea6\uff0c25\u5206\u949f\uff08\u6839\u636e\u81ea\u5df1\u7684\u70e4\u7bb1\u505a\u8c03\u6574\uff09\r\n\r\n1\u3001\u51c6\u5907\u597d\u71d5\u9ea6\u3002\r\n2\u3001\u51c6\u5907\u597d\u78a7\u6839\u679c\u3002\r\n3\u3001\u5c06\u78a7\u6839\u679c\u5241\u788e\uff0c\u5012\u5728\u71d5\u9ea6\u7897\u91cc\u3002\r\n4\u3001\u5c06\u4e00\u6839\u9999\u8549\u5207\u788e\uff0c\u52a0\u5165\u71d5\u9ea6\u7897\u91cc\uff0c\u518d\u52a0\u5165\u8702\u871c\u3002\r\n5\u3001\u62cc\u5300\u3002\r\n6\u3001\u5c06\u62cc\u597d\u7684\u71d5\u9ea6\u6df7\u5408\u7269\u5747\u5300\u538b\u6210\u7eb8\u676f\u91cc\u3002\r\n7\u3001\u4f9d\u6b21\u505a\u597d\uff0c\u5165\u9884\u70ed\u597d\u7684\u70e4\u7bb1\u91cc\u70d8\u7119\u3002\r\n8\u3001\u70e4\u597d\u7684\u676f\u5b50\uff0c\u4e0d\u90a3\u4e48\u70eb\u540e\uff0c\u6495\u53bb\u676f\u5b50\u5373\u53ef\u3002\r\n\u6700\u540e\u52a0\u5165\u9178\u5976\u548c\u6c34\u679c\uff0c\u5c31\u53ef\u4ee5\u5f00\u59cb\u5403\u676f\u5b50\u3002", "heart": [1], "post_time": "2018-02-12T04:01:22.703Z", "title": "\u71d5\u9ea6\u9178\u5976\u676f-\u597d\u5403\u5230\u8fde\u676f\u5b50\u4e5f\u5403\u6389", "comment_num": 0, "author": 1, "brief": " \u71d5\u9ea6\u9178\u5976\u676f\u5236\u4f5c", "collection": [1], "collection_num": 1, "heart_num": 1, "post_image": " ", "img_num": 6, "type": "1"}, "model": "blog.post", "pk": 5}, {"fields": {"body": "\u8096\u701a\uff08\u8096\u592e \u9970\uff09\u548c\u59bb\u5b50\u6c88\u7ea2\uff08\u4ee3\u4e50\u4e50 \u9970\uff09\u7ed3\u5a5a\u591a\u5e74\uff0c\u611f\u60c5\u65e9\u5df2\u7ecf\u5f52\u4e8e\u5e73\u6de1\uff0c\u5728\u4e24\u4eba\u6f2b\u957f\u7684\u5a5a\u59fb\u751f\u6d3b\u4e2d\uff0c\u8096\u701a\u4e00\u76f4\u4fdd\u6301\u7740\u5bf9\u59bb\u5b50\u7684\u5fe0\u8bda\uff0c\u76f4\u5230\u67d0\u65e5\uff0c\u4e00\u4f4d\u540d\u53ebyoyo\uff08\u674e\u6210\u654f \u9970\uff09\u7684\u7f8e\u4e3d\u5973\u5b50\u51fa\u73b0\u5728\u4e86\u8096\u701a\u7684\u8eab\u8fb9\uff0c\u4ee4\u8096\u701a\u518d\u4e5f\u65e0\u6cd5\u5ffd\u7565\u5185\u5fc3\u91cc\u7684\u60b8\u52a8\uff0c\u4ed6\u51b3\u5b9a\u6b63\u89c6\u81ea\u5df1\u7684\u611f\u60c5\uff0c\u4e0d\u518d\u53d7\u9053\u5fb7\u548c\u8206\u8bba\u7684\u7ea6\u675f\uff0c\u5927\u80c6\u8ffd\u6c42\u81ea\u5df1\u771f\u6b63\u6e34\u671b\u7684\u7231\u60c5\u3002 \r\n\u3000\u3000\u4e3a\u4e86\u6210\u529f\u62b1\u5f97\u7f8e\u4eba\u5f52\uff0c\u8096\u701a\u627e\u5230\u4e86\u597d\u53cb\u827e\u6728\uff08\u827e\u4f26 \u9970\uff09\u3001\u6c64\u6000\uff08\u4e54\u6749 \u9970\uff09\u548c\u5218\u78ca\uff08\u5c0f\u6c88\u9633 \u9970\uff09\u7b49\u4eba\uff0c\u51e0\u4eba\u7b56\u5212\u4e86\u4e00\u4e2a\u770b\u4f3c\u4e07\u65e0\u4e00\u5931\u7684\u8ba1\u8c0b\uff0c\u80dc\u5229\u7684\u679c\u5b9e\u52bf\u5728\u5fc5\u5f97\u3002\u54ea\u77e5\u9053\u5728\u6267\u884c\u8ba1\u5212\u7684\u8fc7\u7a0b\u4e2d\uff0c\u8096\u701a\u7684\u8001\u677f\u739b\u4e3d\u83b2\uff08\u95eb\u59ae \u9970\uff09\u51e0\u5ea6\u6405\u5c40\uff0c\u95f9\u51fa\u4e86\u4e00\u5806\u7684\u7b11\u6599\uff0c\u4e0d\u4ec5\u5982\u6b64\uff0c\u654f\u611f\u7684\u6c88\u7ea2\u4ea6\u9884\u611f\u5230\u4e08\u592b\u6b63\u5728\u201c\u641e\u4e8b\u60c5\u201d\u3002 ", "heart": [1], "post_time": "2018-02-12T04:01:17.437Z", "title": "\u60c5\u5723", "comment_num": 0, "author": 1, "brief": "\u4e3b\u6f14: \u8096\u592e / \u95eb\u59ae / \u5c0f\u6c88\u9633 / \u4e54\u6749 / \u827e\u4f26 /", "collection": [1], "collection_num": 1, "heart_num": 1, "post_image": " ", "img_num": 3, "type": "3"}, "model": "blog.post", "pk": 6}, {"fields": {"body": "\u7acb\u6625\u4e86\uff0c\u8fd8\u662f\u51b7\u3002\r\n\r\n\u5bd2\u51b7\u7684\u65e5\u5b50\u671f\u5f85\u53d8\u5f97\u7b80\u5355\u800c\u5b9e\u5728\uff0c\u53ea\u662f\u65e9\u8d77\u5bf9\u70ed\u996d\u70ed\u6c64\u7684\u5411\u5f80\uff0c\u665a\u4e0a\u65e9\u70b9\u94bb\u8fdb\u70ed\u88ab\u7a9d\u3002\u6b64\u65f6\u4ee5\u9760\u8fd1\u4e00\u5207\u6e29\u6696\u7684\u4e8b\u7269\u4e3a\u5e78\u798f\u3002\r\n\r\n\u665a\u996d\u540e\u51fa\u53bb\u6563\u6b65\uff0c\u6bcf\u5929\u8def\u8fb9\u90fd\u6709\u51e0\u4e2a\u6d41\u52a8\u5546\u8d29\u3002\u70e4\u706b\u817f\u80a0\u7684\u5c0f\u8f66\u6bcf\u5929\u90fd\u5728\u90a3\u91cc\uff0c\u4ece\u8001\u8fdc\u5c31\u98d8\u6765\u5947\u5f02\u7684\u9999\uff0c\u5982\u679c\u6b63\u997f\u7684\u65f6\u5019\u4e00\u5b9a\u4f1a\u5f15\u8d77\u53e3\u6c34\u5206\u6ccc\uff0c\u8d70\u8fd1\uff0c\u4e00\u6839\u6839\u5207\u6210\u82b1\u7a57\u7684\u706b\u817f\u80a0\u987a\u5e8f\u7684\u6446\u5728\u6cb9\u6ecb\u6ecb\u7684\u714e\u9505\u4e0a\uff0c\u989c\u8272\u7ea2\u6da6\u7684\u6709\u4e9b\u5f02\u6837\uff0c\u8c61\u6d78\u6ee1\u4e86\u9999\u7cbe\u7684\u5851\u6599\u82b1\u513f\uff0c\u8ba9\u4eba\u4e0d\u6562\u4e0b\u53e3\uff0c\u4e0d\u77e5\u90fd\u7ed9\u4ec0\u4e48\u4eba\u4e70\u4e86\u53bb\u3002\r\n\r\n\u5728\u8def\u8fb9\u7684\u5c0f\u644a\u7ed9\u624b\u673a\u6362\u4e86\u4e00\u4e2a\u65b0\u5916\u58f3\uff0c\u539f\u6765\u7684\u5916\u58f3\u7528\u4e86\u5feb\u4e24\u5e74\u5df2\u7ecf\u8001\u5316\u53d8\u9ed1\u4e86\u3002\r\n\r\n\u6628\u665a\u968f\u610f\u7ffb\u770b\u51e0\u4e2a\u8ba2\u9605\u53f7\uff0c\u53d1\u73b0\u597d\u51e0\u5bb6\u540c\u65f6\u5728\u8bf4\u4eca\u5929\u7acb\u6625\uff0c\u6709\u4e9b\u4e0d\u76f8\u4fe1\uff0c\u81ea\u5df1\u53c8\u53bb\u67e5\u4e86\u4e00\u4e0b\uff0c\u6ca1\u9519\uff0c\u4eca\u5929\u786e\u5b9e\u7acb\u6625\u4e86\uff0c\u53ef\u5916\u9762\u8fd8\u662f\u745f\u745f\u7684\u51b7\u3002\r\n\r\n\u65e9\u4e0a\u8d77\u6765\u7528\u571f\u8c46\u3001\u80e1\u841d\u535c\u548c\u5c16\u6912\u7092\u4e86\u4e00\u4e2a\u9178\u8fa3\u4e09\u4e1d\uff0c\u5377\u714e\u997c\u5403\uff0c\u53c8\u716e\u4e86\u4e00\u70b9\u71d5\u9ea6\u6742\u7cae\u7ca5\uff0c\u7b97\u662f\u5403\u4e86\u8fce\u6625\u7684\u997c\u3002", "heart": [1], "post_time": "2018-02-22T01:16:45.578Z", "title": "\u5bd2\u51b7\u968f\u8bb0", "comment_num": 2, "author": 3, "brief": "sss\u5bd2\u51b7\u968f\u8bb0", "collection": [1], "collection_num": 1, "heart_num": 1, "post_image": " ", "img_num": 1, "type": "4"}, "model": "blog.post", "pk": 7}, {"fields": {"body": "\u201c\u5510\u63a22\u201d\u7684\u6545\u4e8b\u7d27\u627f\u7b2c\u4e00\u90e8\u6700\u540e\uff0c\u5982\u7ea6\u5c06\u6545\u4e8b\u4e3b\u9635\u5730\u642c\u5230\u4e86\u5927\u6d0b\u5f7c\u5cb8\u7684\u7ebd\u7ea6\u3002\u6210\u529f\u8003\u5165\u8b66\u6821\u7684\u5929\u624d\u5c11\u5e74\u79e6\u98ce\uff0c\u88ab\u8868\u8205\u5510\u4ec1\u4ee5\u7ed3\u5a5a\u7684\u7406\u7531\u8bd3\u5230\u7f8e\u56fd\uff0c\u843d\u5730\u624d\u5f97\u77e5\u6b64\u884c\u7684\u76ee\u7684\u662f\u4e3a\u4e86\u5e2e\u5510\u4eba\u8857\u6559\u7236\u4e03\u53d4\u8c03\u67e5\u5176\u5b59\u5b50\u7684\u6b7b\u56e0\uff0c\u540c\u573a\u201c\u6597\u667a\u201d\u7684\u8fd8\u6709\u4e16\u754c\u5404\u5730\u7684\u591a\u4f4d\u540d\u4fa6\u63a2\u3002\u8d77\u521d\u5bf9500\u4e07\u7f8e\u91d1\u7684\u60ac\u8d4f\u5174\u8da3\u7f3a\u7f3a\u7684\u79e6\u98ce\uff0c\u4e0d\u77e5\u4e0d\u89c9\u95f4\u5374\u88ab\u5510\u4ec1\u60f9\u7978\u4e0a\u8eab\u7684\u4f53\u8d28\u6240\u7275\u8fde\uff0c\u4e24\u4e2a\u4eba\u4e5f\u5377\u5165\u4e86\u4e00\u8d77\u8fde\u73af\u6740\u4eba\u6848\u3002", "heart": [1, 4], "post_time": "2018-02-22T06:47:19.835Z", "title": "\u5510\u4eba\u8857\u63a2\u68482", "comment_num": 1, "author": 1, "brief": "\u5510\u4eba\u8857\u63a2\u68482~~~~~~", "collection": [1, 4], "collection_num": 2, "heart_num": 2, "post_image": " ", "img_num": 2, "type": "3"}, "model": "blog.post", "pk": 12}, {"fields": {"body": "\u8fd8\u6ca1\u592a\u641e\u6e05\u695a\u5927\u559c\u5927\u90a3\u4e2a\u70b8\u7c89\uff0c\u53c8\u8d76\u4e0a\u53a8\u623f\u70b8\u9165\u8089\uff0c\u4e00\u4e0b\u5b50\u4fbf\u8054\u60f3\u5230\u8fd9\u70b8\u9e21\u7c89\u6709\u4e00\u9053\u63a8\u8350\u83dc\u54c1\u770b\u8d77\u6765\u5c31\u50cf\u662f\u70b8\u9165\u8089\u3002\u7acb\u9a6c\u8f6c\u5411\uff0c\u7422\u78e8\u7422\u78e8\u7740\u70b8\u9165\u8089\u3002\r\n\r\n\u5728\u5927\u9505\u91cc\u5206\u4e86\u4e00\u5c0f\u5757\u8089\uff0c\u5207\u6761\uff0c\u6309\u7167\u70b8\u9e21\u7c89\u7684\u8bf4\u660e\u5f00\u59cb\u64cd\u4f5c\u3002\u4e00\u5012\u51fa\u70b8\u9e21\u7c89\uff0c\u7acb\u9a6c\u53d1\u73b0\u5b83\u4e0e\u5148\u524d\u7684\u70b8\u7c89\u7684\u4e0d\u540c--\u70b8\u9e21\u7c89\u539f\u6765\u662f\u7ea2\u8272\u7684\uff0c\u83ab\u975e\u6709\u8fa3\u6912\uff1f\r\n\r\n\u6309\u7167\u6bd4\u4f8b\uff0c\u628a\u70b8\u9e21\u7c89\u8c03\u6210\u7cca\u7cca\uff0c\u52a0\u8089\u62cc\u5300\u814c\u5236\u3002\u7136\u540e\uff0c\u70b8\u3002\u53c8\u590d\u70b8\u3002\u770b\u8d77\u6765\u989c\u8272\u91d1\u9ec4\uff0c\u5403\u8d77\u6765\u5f88\u9999\uff0c\u8fd9\u5473\u9053\u4f3c\u4e4e\u4e5f\u5f88\u719f\u6089\uff0c\u8bb8\u662f\u66fe\u7ecf\u5916\u98df\u65f6\u5403\u8fc7\u7684\u5473\u9053\uff0c\u4f46\u5c31\u662f\u60f3\u4e0d\u8d77\u5728\u54ea\u91cc\u5403\u7684\u4ec0\u4e48\u6765\u3002\r\n\r\n\u5916\u8106\u91cc\u5ae9\uff0c\u5473\u9053\u4e5f\u8fd8\u4e0d\u9519\uff0c\u4f46\u8fd8\u662f\u66f4\u559c\u6b22\u81ea\u5bb6\u9165\u8089\u7684\u5473\u9053\u3002\r\n\r\n\u8fd8\u6709\u8fd8\u6709\uff0c\u5230\u5e95\u8981\u600e\u4e48\uff0c\u624d\u80fd\u70b8\u51fa\u5c01\u9762\u90a3\u4e2a\u9cde\u7247\u7ffb\u98de\u7684\u6548\u679c\u5462\uff1f\r\n\u7528\u6599\uff1a\u9999\u8106\u70b8\u9e21\u7c8914\u514b\uff0c\u6c3420\u6beb\u5347\uff0c\u732a\u8089100\u514b\uff0c\u6cb9\u9002\u91cf\r\n\u732a\u8089\u6d17\u51c0\uff0c\u5207\u6761\uff0c\u5c06\u6c34\u5012\u5165\u70b8\u9e21\u7c89\u4e2d\uff0c\u6405\u62cc\u6210\u5747\u5300\u7cca\u72b6\uff0c\u653e\u5165\u732a\u8089\uff0c\u62cc\u5300\uff0c\u814c\u5236\u534a\u5c0f\u65f6\u4ee5\u4e0a\u3002\r\n\u9505\u4e2d\u5012\u6cb9\uff0c\u70e7\u70ed\uff0c\u4e00\u5757\u5757\u653e\u5165\u62cc\u597d\u7cca\u7684\u8089\u6761\uff0c\u70b8\u81f3\u91d1\u9ec4\uff0c\u635e\u51fa\u63a7\u6cb9\uff0c\u518d\u6b21\u653e\u5165\u9505\u4e2d\uff0c\u590d\u70b830\u79d2\u3002\u635e\u51fa\uff0c\u63a7\u6cb9\uff0c\u88c5\u76d8\uff0c\u7528\u9999\u83dc\u70b9\u7f00\u3002\r\n", "heart": [], "post_time": "2018-02-22T06:40:19.163Z", "title": "\u3010\u98df\u00b7\u8272\u83dc\u54c1\u3011\u2014\u2014\u9999\u8106\u70b8\u9165\u8089", "comment_num": 0, "author": 4, "brief": "\u2014\u2014\u9999\u8106\u70b8\u9165\u8089", "collection": [], "collection_num": 0, "heart_num": 0, "post_image": null, "img_num": 0, "type": "1"}, "model": "blog.post", "pk": 13}, {"fields": {"body": "\u6750\u6599\uff1a\u9ad8\u7b4b\u9762\u7c89200\u514b\uff0c\u80e1\u841d\u535c\u6c41100\u514b\uff0c\u80e1\u841d\u535c\u788e18\u514b\uff0c\u7ec6\u7802\u7cd610\u514b\uff0c\u8702\u871c15\u514b\uff0c\u76d03\u514b\uff0c\u6c3438\u514b\uff0c\u9175\u6bcd3\u514b\uff0c\u9ec4\u6cb922\u514b\r\n\u88c5\u9970\uff1a\u9ed1\u5de7\u514b\u529b50\u514b\uff0c\u78a7\u6839\u679c15\u514b\uff0c\u8513\u8d8a\u839315\u514b\r\nACA\u70e4\u7bb1\u6e29\u5ea6\uff1a185\u5ea6\uff0c18\u5206\u949f\u5de6\u53f3", "heart": [4], "post_time": "2018-02-22T09:36:28.835Z", "title": "\u3010\u80e1\u841d\u535c\u78a7\u6839\u679c\u9762\u5305\u3011", "comment_num": 0, "author": 4, "brief": "\u3010\u80e1\u841d\u535c\u78a7\u6839\u679c\u9762\u5305\u3011", "collection": [], "collection_num": 0, "heart_num": 1, "post_image": null, "img_num": 0, "type": "1"}, "model": "blog.post", "pk": 14}, {"fields": {"body": " \u5982\u679c\u8bf4\uff0c\u65c5\u884c\u662f\u4e00\u79cd\u75c5\uff0c\u6211\u60f3\uff0c\u6211\u5df2\u7ecf\u75c5\u5165\u818f\u8093\u3002\r\n        \u4e0d\u77e5\u9053\u54ea\u4f4d\u8d24\u4eba\u8bf4\u8fc7\uff1a\u8eab\u4f53\u548c\u7075\u9b42\uff0c\u603b\u6709\u4e00\u4e2a\u5728\u8def\u4e0a------\u8fd9\u5927\u6982\u662f\u6211\u7684\u771f\u5b9e\u5199\u7167\u3002\u5373\u4f7f\u5728\u6700\u7e41\u5fd9\u7684\u5de5\u4f5c\u4e2d\uff0c\u8111\u4e2d\u4e5f\u4e0d\u65f6\u95ea\u73b0\u90a3\u4e9b\u8fdc\u65b9\u7684\u98ce\u666f\u4eba\u6587\uff0c\u4eff\u4f5b\u5b83\u4eec\u4e00\u76f4\u4e0d\u505c\u5730\u5728\u5411\u6211\u53ec\u5524\u3002\u8bf4\u6765\u4e5f\u602a\uff0c\u5de5\u4f5c\u52b3\u7d2f\u4e4b\u4f59\uff0c\u60f3\u5230\u4e86\u8fdc\u65b9\uff0c\u4e5f\u5f80\u5f80\u4f1a\u4e3a\u81ea\u5df1\u75b2\u4e4f\u7684\u5fc3\u7075\u6ce8\u5165\u65b0\u7684\u6d3b\u529b\u3002\u6240\u4ee5\uff0c\u4e00\u65e6\u6709\u95f2\u6687\uff0c\u6211\u4fbf\u60f3\u8fdc\u884c\u3002\u6211\u5728\uff0c\u6545\u6211\u884c\u3002\r\n        \u8fd9\u4e00\u5e74\uff0c\u81ea\u5df1\u4e00\u5982\u65e2\u5f80\u662f\u5728\u5e73\u51e1\u4e2d\u5ea6\u8fc7\uff0c\u4f46\u4e5f\u8fd8\u662f\u5728\u4e00\u4e9b\u5730\u65b9\u7559\u4e0b\u4e86\u8db3\u8ff9\u3002\u5176\u4e2d\uff0c\u5e74\u521d\u7684\u5ddd\u897f\u3001\u4e5d\u6708\u5e95\u7684\u5317\u7586\u3001\u4e00\u5e74\u5185\u4e09\u5ea6\u73af\u897f\u6e56\u3001\u4e24\u5ea6\u5a7a\u6e90\u4e4b\u884c\u3001\u8fd8\u6709\u51e0\u5ea6\u548c\u5144\u5f1f\u4eec\u5728\u4e00\u8d77\u7684\u65f6\u5149\uff0c\u90fd\u8ba9\u6211\u7559\u4e0b\u4e86\u6df1\u523b\u7684\u8bb0\u5fc6\u3002", "heart": [], "post_time": "2018-02-23T03:07:10.647Z", "title": "#\u6211\u76842016# --- \u6211\u5728\u6545\u6211\u884c", "comment_num": 0, "author": 1, "brief": "#\u6211\u76842016# --- \u6211\u5728\u6545\u6211\u884c", "collection": [], "collection_num": 0, "heart_num": 0, "post_image": null, "img_num": 0, "type": "0"}, "model": "blog.post", "pk": 15}, {"fields": {"body": "\u54c8\u54c8\uff0c\u8fd9\u4e0d\u662f\u5357\u5c71\u5357\u5bf9\u5e94\u7684\u90a3\u4e2a\u5317\u5c71\uff0c\u662f\u4ffa\u5c45\u4f4f\u5730\u91d1\u534e\u7684\u5317\u5c71\u3002\r\n\r\n        \u4e00\u6708\u4e0b\u65ec\uff0c\u91d1\u534e\u4e00\u573a\u7f55\u89c1\u7684\u5927\u96ea\uff0c\u4e8e\u662f\u547c\u670b\u5524\u53cb\uff0c\u8d4f\u96ea\u5317\u5c71\u3002\r\n        \u6c5f\u5357\u7684\u745e\u96ea\uff0c\u4e00\u5982\u6c5f\u5357\u7684\u70df\u96e8\uff0c\u5982\u8bd7\u5982\u7ec7\uff0c\u96bd\u6c38\u7075\u79c0\r\n        \u4e5f\u662f\u5728\u4e00\u6708\u5e95\uff0c\u5c0f\u5bb6\u4f19\u6765\u6d59\u6c5f\u6e38\u73a9\uff0c\u548c\u4ed6\u4e00\u9053\uff0c\u70df\u96e8\u4e2d\u73af\u6e38\u897f\u6e56\u3002", "heart": [], "post_time": "2018-02-23T03:09:31.788Z", "title": "\u4e00\u6708\uff1a\u5317\u5c71\u96ea\u3001\u70df\u96e8\u897f\u6e56", "comment_num": 0, "author": 1, "brief": "\u4e00\u6708\uff1a\u5317\u5c71\u96ea\u3001\u70df\u96e8\u897f\u6e56", "collection": [], "collection_num": 0, "heart_num": 0, "post_image": null, "img_num": 0, "type": "0"}, "model": "blog.post", "pk": 16}, {"fields": {"body": "\u676d\u5dde\u897f\u6e56", "heart": [1], "post_time": "2018-02-23T05:33:01.897Z", "title": "\u676d\u5dde\u897f\u6e56", "comment_num": 2, "author": 1, "brief": "\u676d\u5dde\u897f\u6e56", "collection": [1], "collection_num": 0, "heart_num": 0, "post_image": " ", "img_num": 1, "type": "0"}, "model": "blog.post", "pk": 17}, {"fields": {"body": "\u7b2c\u4e8c\u65e5\uff0c\u7ecd\u5174\u3002\u63a2\u8bbf\u9c81\u8fc5\u6545\u5c45\u3001\u6c88\u56ed\u3001\u8521\u5143\u57f9\u6545\u5c45\uff0c\u53c2\u89c2\u9152\u574a\uff0c\u5bfb\u8bbf\u53e4\u77f3\u6865\u3002", "heart": [], "post_time": "2018-02-23T03:13:27.413Z", "title": "\u7b2c\u4e8c\u65e5\uff0c\u7ecd\u5174", "comment_num": 0, "author": 1, "brief": "\u7b2c\u4e8c\u65e5\uff0c\u7ecd\u5174\u3002\u63a2\u8bbf\u9c81\u8fc5\u6545\u5c45\u3001\u6c88\u56ed\u3001\u8521\u5143\u57f9\u6545\u5c45\uff0c\u53c2\u89c2\u9152\u574a\uff0c\u5bfb\u8bbf\u53e4\u77f3\u6865\u3002", "collection": [], "collection_num": 0, "heart_num": 0, "post_image": null, "img_num": 0, "type": "0"}, "model": "blog.post", "pk": 18}, {"fields": {"body": "        \u91cd\u6e38\u90fd\u6c5f\u5830\u3001\u9752\u57ce\u5c71\uff0c\u548c\u5bb6\u4eba\u4e00\u8d77\u8857\u5b50\u53e4\u9547\u627e\u5e74\u5473\uff0c\u968f\u540e\u4e00\u4e2a\u4eba\u72ec\u81ea\u8e0f\u4e0a\u51ac\u5b63\u5ddd\u897f\u4e4b\u65c5\u3002\u6211\u53d1\u89c9\u81ea\u5df1\u86ee\u559c\u6b22\u72ec\u81ea\u51fa\u6e38\uff0c\u559c\u6b22\u90a3\u79cd\u65e0\u62d8\u65e0\u675f\u3001\u653e\u4efb\u81ea\u7531\u7684\u611f\u89c9\uff0c\u7d2f\u5e76\u5feb\u4e50\u7740\u3002\u8fd9\u6b21\u5ddd\u897f\u4e4b\u884c\uff0c\u671f\u5f85\u5df2\u4e45\uff0c\u4e3b\u8981\u76ee\u7684\u662f\u725b\u80cc\u5c71\u3001\u56db\u4eba\u540c\u3001\u7a3b\u57ce\u4e9a\u4e01\u3001\u8272\u8fbe\uff0c\u540e\u6765\u56e0\u7a3b\u57ce\u4e9a\u4e01\u51b0\u96ea\u5c01\u8def\u672a\u80fd\u6210\u884c\uff0c\u628a\u7a3b\u57ce\u4e9a\u4e01\u6539\u6210\u4e86\u4e5d\u5be8\u6c9f\u548c\u9ec4\u9f99\uff0c\u7559\u6709\u9057\u61be\uff0c\u4e5f\u53e6\u6709\u6536\u83b7\u3002\u4e5f\u8bb8\u5c31\u662f\u56e0\u4e3a\u9057\u61be\uff0c\u624d\u4f7f\u4ffa\u4e00\u518d\u4e0d\u65ad\u51fa\u884c\u3002\u54c8\uff0c\u6211\u4f1a\u4e3a\u81ea\u5df1\u627e\u7406\u7531\u5427\u3002", "heart": [], "post_time": "2018-02-23T03:18:24.444Z", "title": "\u4e8c\u6708:\u90fd\u6c5f\u5830\u3001\u725b\u80cc\u5c71\u3001\u8272\u8fbe\u3001\u4e5d\u5be8\u6c9f", "comment_num": 0, "author": 1, "brief": "\u4e8c\u6708:\u90fd\u6c5f\u5830\u3001\u725b\u80cc\u5c71\u3001\u8272\u8fbe\u3001\u4e5d\u5be8\u6c9f", "collection": [], "collection_num": 0, "heart_num": 0, "post_image": null, "img_num": 0, "type": "0"}, "model": "blog.post", "pk": 19}, {"fields": {"body": "\u5ddd\u897f\u4e4b\u884c\uff0c\u671f\u5f85\u5df2\u4e45\u3002\u725b\u80cc\u5c71\u4e4b\u884c\u582a\u79f0\u5b8c\u7f8e\uff0c\u53ef\u53f9\u76f8\u673a\u4e0d\u7ed9\u529b\u3002\r\n        \u4e5f\u5c31\u662f\u90a3\u65f6\u5019\u8d77\uff0c\u6709\u4e86\u66f4\u65b0\u76f8\u673a\u7684\u5ff5\u5934\u3002\r\n        \u56db\u4eba\u540c\u51b0\u5929\u96ea\u5730\u81f3\u4eca\u96be\u5fd8\uff0c\r\n        \u8272\u8fbe\u6f2b\u5c71\u904d\u91ce\u7684\u8bf5\u7ecf\u58f0\u4eff\u4f5b\u8fd8\u5728\u8033\u8fb9......", "heart": [], "post_time": "2018-02-23T03:19:10.507Z", "title": "\u5ddd\u897f\u4e4b\u884c", "comment_num": 0, "author": 1, "brief": "\u5ddd\u897f\u4e4b\u884c", "collection": [], "collection_num": 0, "heart_num": 0, "post_image": null, "img_num": 0, "type": "0"}, "model": "blog.post", "pk": 20}, {"fields": {"body": "\u725b\u80cc\u5c71", "heart": [], "post_time": "2018-02-23T03:20:40.975Z", "title": "\u725b\u80cc\u5c71", "comment_num": 0, "author": 1, "brief": "\u725b\u80cc\u5c71", "collection": [], "collection_num": 0, "heart_num": 0, "post_image": null, "img_num": 0, "type": "0"}, "model": "blog.post", "pk": 21}, {"fields": {"body": "\u56db\u4eba\u540c", "heart": [1], "post_time": "2018-02-23T05:32:47.491Z", "title": "\u56db\u4eba\u540c", "comment_num": 0, "author": 1, "brief": "\u56db\u4eba\u540c", "collection": [1], "collection_num": 0, "heart_num": 0, "post_image": " ", "img_num": 1, "type": "0"}, "model": "blog.post", "pk": 22}, {"fields": {"body": "\u8272\u8fbe\u7ed9\u4ffa\u66f4\u591a\u7684\u662f\u5fc3\u7075\u7684\u9707\u64bc\r\n        \u5f53\u62d0\u8fc7\u90a3\u9053\u5f2f\r\n        \u773c\u524d\u662f\u6f2b\u5c71\u904d\u91ce\u7684\u7ea2\uff0c\u8033\u95fb\u662f\u6f2b\u5c71\u904d\u91ce\u7684\u7985\u5531\r\n        \u4f60\u4e0d\u5f97\u4e0d\u60ca\u53f9\u4fe1\u4ef0\u7684\u529b\u91cf", "heart": [], "post_time": "2018-02-23T03:27:01.663Z", "title": "\u8272\u8fbe", "comment_num": 0, "author": 1, "brief": "\u8272\u8fbe", "collection": [], "collection_num": 0, "heart_num": 0, "post_image": null, "img_num": 0, "type": "0"}, "model": "blog.post", "pk": 23}, {"fields": {"body": "\u8272\u8fbe", "heart": [], "post_time": "2018-02-23T03:28:21.100Z", "title": "\u8272\u8fbe", "comment_num": 0, "author": 1, "brief": "\u8272\u8fbe", "collection": [], "collection_num": 0, "heart_num": 0, "post_image": null, "img_num": 0, "type": "0"}, "model": "blog.post", "pk": 24}, {"fields": {"body": "\u4e5d\u5be8\u6c9f\u3001\u9ec4\u9f99", "heart": [], "post_time": "2018-02-23T03:29:47.100Z", "title": "\u4e5d\u5be8\u6c9f\u3001\u9ec4\u9f99", "comment_num": 0, "author": 1, "brief": "\u4e5d\u5be8\u6c9f\u3001\u9ec4\u9f99", "collection": [], "collection_num": 0, "heart_num": 0, "post_image": null, "img_num": 0, "type": "0"}, "model": "blog.post", "pk": 25}, {"fields": {"body": "       \u6bcf\u5e74\uff0c\u5144\u5f1f\u4eec\u603b\u4f1a\u62e9\u5730\u805a\u51e0\u56de\uff0c\u4eca\u5e74\u7684\u7b2c\u4e00\u6b21\u805a\u4f1a\u5728\u6e56\u5dde\u3002\r\n        \u7ec8\u4e8e\u770b\u89c1\u4e86\u4f20\u8bf4\u4e2d\u7684\u201c\u9a6c\u6876\u76d6\u9152\u5e97\u201d\r\n        \u7ec8\u4e8e\u6709\u673a\u4f1a\u5728\u5728\u592a\u6e56\u8fb9\u6e38\u8d70\uff0c\u5728\u53e4\u9547\u5357\u6d54\u6f2b\u6b65\r\n        \u867d\u7136\u6765\u53bb\u5306\u5306\uff0c\u76f8\u805a\u6068\u77ed\r\n        \u5144\u5f1f\u60c5\u8c0a\u5374\u957f\u7559\u5fc3\u4e2d\u3002\r\n        \u5f88\u611f\u8c22\u6709\u8fd9\u4e48\u4e00\u5e2e\u5144\u5f1f\u59d0\u59b9\u4eec\uff0c\u6b63\u662f\u6709\u4e86\u4f60\u4eec\uff0c\u751f\u6d3b\u624d\u4f1a\u5982\u6b64\u591a\u59ff\u591a\u5f69\u3002", "heart": [1], "post_time": "2018-02-23T05:32:21.475Z", "title": "\u4e09\u6708\uff1a\u6e56\u5dde\u3001\u6e90\u4e1c\u6843\u82b1\u5b63\u3001\u7b2c\u4e8c\u6b21\u73af\u897f\u6e56", "comment_num": 0, "author": 1, "brief": "\u4e09\u6708\uff1a\u6e56\u5dde\u3001\u6e90\u4e1c\u6843\u82b1\u5b63\u3001\u7b2c\u4e8c\u6b21\u73af\u897f\u6e56", "collection": [1], "collection_num": 0, "heart_num": 0, "post_image": " ", "img_num": 1, "type": "0"}, "model": "blog.post", "pk": 26}, {"fields": {"body": "\u53c8\u5230\u6843\u82b1\u5b63\u3002\u5168\u56fd\u5404\u5730\u90fd\u6709\u5f88\u591a\u89c2\u8d4f\u6843\u82b1\u7684\u5730\u65b9\uff0c\u91d1\u534e\u6e90\u4e1c\u5c31\u662f\u5176\u4e2d\u7684\u4f7c\u4f7c\u8005\uff0c\u6bcf\u5230\u82b1\u5b63\uff0c\u603b\u4f1a\u5438\u5f15\u534e\u4e1c\u5404\u5730\u7231\u597d\u8005\u524d\u6765\u89c2\u8d4f\u3002\u662f\u8c13\uff1a\u6843\u82b1\u65f6\u8282\u770b\u6843\u82b1\uff0c\u4eba\u9762\u6843\u82b1\u76f8\u6620\u7ea2\u3002\u4e0b\u9762\u662f\u5e7f\u544a\u65f6\u95f4\r\n        \u6e90\u4e1c\u4e61\uff0c\u4f4d\u4e8e\u6d59\u6c5f\u7701\u91d1\u534e\u5e02\u91d1\u4e1c\u533a\u5317\u90e8\uff0c\u9762\u79ef46.76\u5e73\u65b9\u5343\u7c73\uff0c\u4eba\u53e31.40\u4e07\uff0c\u4e61\u653f\u5e9c\u9a7b\u5c71\u4e0b\u65bd\u81ea\u7136\u6751\u3002\u6e90\u4e1c\u4e61\u4f4d\u4e8e\u91d1\u4e1c\u533a\u4e1c\u5317\u90e8\u7ea636\u516c\u91cc\uff0c\u4e1c\u5317\u4e0e\u4e49\u4e4c\u5e02\u6bd7\u90bb\uff0c\u897f\u5317\u4e0e\u5170\u6eaa\u5e02\u4e3a\u754c\uff0c\u4e1c\u5357\u4e0e\u5085\u6751\u9547\u76f8\u8fde\uff0c\u897f\u5357\u4e0e\u66f9\u5b85\u9547\u4ea4\u754c\uff0c\u5357\u4e0e\u5b5d\u987a\u9547\u63a5\u58e4\uff0c\u4e61\u8f96\u533a\u57df\u9762\u79ef47.8\u5e73\u65b9\u516c\u91cc\uff0c\u5168\u4e61\u4eba\u53e316534\u4eba\uff0c\u8015\u5730\u9762\u79ef10506\u4ea9\uff0c\u5c71\u6797\u9762\u79ef51728\u4ea9\u3002\u672c\u4e61\u56db\u5468\u7fa4\u5c71\u6000\u62f1\uff0c\u6797\u6728\u8471\u90c1\uff0c\u68ee\u6797\u8986\u76d6\u738772%\uff0c\u7a7a\u6c14\u6e05\u65b0\uff0c\u751f\u6001\u73af\u5883\u4f18\u7f8e\u3002\u662f\u4e2d\u56fd\u6e90\u4e1c\u767d\u6843\u4e4b\u4e61\uff0c\u65bd\u5149\u5357\u7684\u6545\u4e61\uff0c\u91d1\u534e\u5e02\u751f\u6001\u793a\u8303\u4e61\u3002\r\n        \u5f00\u59cb\u8d4f\u82b1\u3002", "heart": [1], "post_time": "2018-02-23T05:32:07.710Z", "title": "\u6e90\u4e1c\u6843\u82b1\u5b63\u3002", "comment_num": 0, "author": 1, "brief": "\u6e90\u4e1c\u6843\u82b1\u5b63\u3002", "collection": [1], "collection_num": 0, "heart_num": 0, "post_image": " ", "img_num": 1, "type": "0"}, "model": "blog.post", "pk": 27}, {"fields": {"body": "\u73af\u897f\u6e56\uff0c\u8d70\u4e5d\u6eaa\uff0c\u4e0a\u9f99\u4e95\u3002\r\n    \u4ece\u6765\u6ca1\u6709\u5728\u6625\u5b63\u73af\u8fc7\u897f\u6e56\uff0c\u8fd9\u6b21\uff0c\u7ec8\u4e8e\u62c9\u4e0a\u8304\u54e5\u53bb\u6643\u4e86\u4e00\u5708\u3002\r\n        \u6625\u65e5\u7684\u897f\u6e56\uff0c\u522b\u6837\u7f8e\u4e3d\uff0c\u4f46\u5904\u5904\u4eba\u5934\u6d8c\u6d8c\uff0c\u60f3\u5b89\u9759\u7684\u62cd\u4e2a\u7167\uff0c\u597d\u96be\r\n        \u63d0\u793a\uff1a\u5343\u4e07\u522b\u5728\u65c5\u6e38\u65fa\u5b63\u5468\u672b\u53bb\u897f\u6e56\uff0c\u770b\u5230\u7684\u53ea\u662f\u4eba\u5934", "heart": [1], "post_time": "2018-02-23T05:31:39.819Z", "title": "\u73af\u897f\u6e56\uff0c\u8d70\u4e5d\u6eaa\uff0c\u4e0a\u9f99\u4e95\u3002", "comment_num": 0, "author": 1, "brief": "\u73af\u897f\u6e56\uff0c\u8d70\u4e5d\u6eaa\uff0c\u4e0a\u9f99\u4e95\u3002", "collection": [1], "collection_num": 0, "heart_num": 0, "post_image": " ", "img_num": 1, "type": "0"}, "model": "blog.post", "pk": 28}, {"fields": {"body": "\u56db\u6708\uff1a\u5176\u5b9e\u5a7a\u6e90\u4e0d\u662f\u53ea\u6709\u6cb9\u83dc\u82b1\r\n \u5a7a\u6e90\u5176\u5b9e\u79bb\u6211\u8fd9\u8fb9\u9ad8\u94c1\u5c31\u4e24\u5c0f\u65f6\uff0c\u4f46\u662f\u4ece\u6765\u6ca1\u6709\u53bb\u5a7a\u6e90\u770b\u8fc7\u6cb9\u83dc\u82b1\u3002\u4eca\u5e74\u6e05\u660e\uff0c\u7ec8\u4e8e\u51fa\u884c\u3002\u591a\u6b21\u51fa\u884c\u90fd\u662f\u4e34\u65f6\u51b3\u5b9a\uff0c\u8fd9\u4e00\u6b21\uff0c\u53c8\u662f\u4ffa\u72ec\u81ea\u4e00\u4eba\u3002\u6211\u53bb\u65f6\u82b1\u671f\u6709\u4e9b\u8fc7\u4e86\u3002\u4e2a\u4eba\u89c9\u5f97\uff0c\u5a7a\u6e90\u4f20\u7edf\u666f\u70b9\u5f00\u53d1\u771f\u6709\u4e9b\u8fc7\u4e86\uff0c\u4f46\u8fd9\u6b21\u53bb\u7684\u6c6a\u69ce\u3001\u5e86\u6e90\u7b49\u5730\u5374\u662f\u53e6\u4e00\u756a\u7f8e\u4e3d\uff0c\u8fd8\u7b97\u662f\u4e0d\u865a\u6b64\u884c\u5427\u3002", "heart": [], "post_time": "2018-02-23T03:36:39.585Z", "title": "\u56db\u6708\uff1a\u5176\u5b9e\u5a7a\u6e90\u4e0d\u662f\u53ea\u6709\u6cb9\u83dc\u82b1", "comment_num": 0, "author": 1, "brief": "\u56db\u6708\uff1a\u5176\u5b9e\u5a7a\u6e90\u4e0d\u662f\u53ea\u6709\u6cb9\u83dc\u82b1", "collection": [], "collection_num": 0, "heart_num": 0, "post_image": null, "img_num": 0, "type": "0"}, "model": "blog.post", "pk": 29}, {"fields": {"body": "     \u6b66\u529f\u5c71\u5f92\u6b65\u662f\u7a81\u5982\u5176\u6765\u3002\u5f53\u5929\u4e0b\u53483\u70b9\u5de6\u53f3\u770b\u5230\u6237\u5916\u7fa4\u91cc\u6709\u540c\u5fd7\u5728\u8c08\u7b2c\u4e8c\u5929\u5f92\u6b65\u7684\u76f8\u5173\u4e8b\u5b9c\uff0c\u9a6c\u4e0a\u51b3\u5b9a\u52a0\u5165\uff0c\u98de\u5feb\u5b9a\u4e865\u70b9\u534a\u5de6\u53f3\u7684\u9ad8\u94c1\uff0c\u665a\u4e0a9\u70b9\u5de6\u53f3\u5306\u5306\u8d76\u5230\u840d\u4e61\u3002\r\n        \u8fd9\u6b21\u5f92\u6b65\u548c\u4ee5\u5f80\u5f88\u591a\u6b21\u9a74\u884c\u4e00\u6837\u7559\u6709\u9057\u61be\uff0c\u9996\u5148\u662f\u5929\u6c14\uff0c\u7b2c\u4e00\u5929\u51e0\u4e4e\u662f\u5728\u9634\u96e8\u6d53\u96fe\u4e2d\u5ea6\u8fc7\uff0c\u672a\u80fd\u770b\u5230\u4f20\u8bf4\u4e2d\u7684\u8349\u7538\u7f8e\u666f\uff1b\u7136\u540e\u662f\u65f6\u95f4\u592a\u8d76\uff0c\u4e24\u5929\u4ffa\u662f\u4e0d\u53ef\u80fd\u8d70\u5b8c\u5168\u7a0b\uff0c\u6240\u4ee5\u7edd\u671b\u5761\u3001\u53d1\u4e91\u9876\u90fd\u6ca1\u6709\u53bb\uff0c\u53ea\u597d\u7559\u5f85\u4e0b\u6b21\u4e86\u3002", "heart": [], "post_time": "2018-02-23T03:39:41.897Z", "title": "\u4e94\u6708\uff1a\u8bf4\u8d70\u5c31\u8d70\u7684\u6b66\u529f\u5c71\u5f92\u6b65", "comment_num": 0, "author": 1, "brief": "\u4e94\u6708\uff1a\u8bf4\u8d70\u5c31\u8d70\u7684\u6b66\u529f\u5c71\u5f92\u6b65", "collection": [], "collection_num": 0, "heart_num": 0, "post_image": null, "img_num": 0, "type": "0"}, "model": "blog.post", "pk": 30}, {"fields": {"body": "   \u54c8\u54c8\u54c8\u54c8\u54c8\uff0c\u5148\u5141\u8bb8\u4ffa\u5927\u7b11\u51e0\u58f0\u3002\r\n        \u8fd9\u6b21\u821f\u5c71\u884c\u5370\u8c61\u6df1\u523b\u3002\u7531\u4e8e\u4ffa\u6c7d\u8f66\u665a\u70b9\uff0c\u53c8\u88ab\u65e0\u826f\u51fa\u79df\u8f66\u53f8\u673a\u62c9\u7740\u5728\u57ce\u91cc\u8f6c\u5708\uff0c\u5230\u8fbe\u96c6\u5408\u70b9\u65f6\u79bb\u767d\u6c99\u5c9b\u5f00\u8239\u7684\u65f6\u95f4\u5df2\u4e0d\u8db3\u4e00\u5c0f\u65f6\uff0c\u4e8e\u662f\u51fa\u73b0\u4e86\u4e00\u884c\u4eba\u9a7e\u8f66\u72c2\u5954\uff0c\u968f\u540e\u80cc\u7740\u884c\u56ca\u62fc\u547d\u8ffd\u8239\u7684\u58ee\u89c2\u573a\u9762\uff0c\u81f3\u4eca\u8bb0\u5fc6\u72b9\u65b0\uff0c\u54c8\u54c8\u54c8\u3002\u81f3\u4e8e\u5728\u5c9b\u4e0a\u906d\u9047\u773c\u955c\u86c7\u3001\u548c\u9910\u5385\u5356\u5531\u7684\u54e5\u4eec\u5171\u540c\u6f14\u7ece\u300a\u5149\u8f89\u5c81\u6708\u300b\u7b49\u4ffa\u5c31\u4e0d\u4e00\u4e00\u8d58\u8ff0\u4e86\u3002\r\n        \u8fd9\u6b21\u805a\u4f1a\uff0c\u5728\u5708\u5185\u4ea7\u751f\u4e86\u4e24\u4e2a\u6d41\u884c\u8bcd----\u6768\u6885\u9152\u3001\u6d77\u9c9c\u914d\uff0c\u6d77\u9c9c\u914d\u5230\u5e95\u662f\u5565\u4e1c\u4e1c\uff0c\u4ffa\u73b0\u5728\u8fd8\u6ca1\u6709\u5f04\u6e05\u695a\u3002\r\n        \u54c8\uff0c\u6709\u8fd9\u6837\u7684\u5144\u5f1f\u59d0\u59b9\uff0c\u771f\u597d \uff01\uff01\uff01", "heart": [], "post_time": "2018-02-23T03:42:40.772Z", "title": "\u516d\u6708\uff1a\u821f\u5c71--\u53c8\u662f\u5144\u5f1f\u805a\u4f1a\u65f6", "comment_num": 0, "author": 1, "brief": "\u516d\u6708\uff1a\u821f\u5c71--\u53c8\u662f\u5144\u5f1f\u805a\u4f1a\u65f6", "collection": [], "collection_num": 0, "heart_num": 0, "post_image": null, "img_num": 0, "type": "0"}, "model": "blog.post", "pk": 31}, {"fields": {"body": "   \u76f8\u673a\u8fdb\u4e00\u6b65\u78e8\u5408\u4e2d\u3002\u7531\u4e8e\u8001\u65e9\u5c31\u8ba1\u5212\u4e86\u4e5d\u6708\u5e95\u523010\u6708\u521d\u7684\u5317\u7586\u884c\uff0c9\u6708\u4e2d\u65ec\uff0c\u4e00\u54ac\u7259\uff0c\u53c8\u62ff\u4e0b\u4e8614-24\u548c70-200\u4e24\u652f\u955c\u5934\uff0c\u51d1\u9f50\u4e86\u5927\u4e09\u5143\u3002\u8089\u75bc\u3001\u9aa8\u75bc\u3001\u5168\u8eab\u75bc\r\n        \u5317\u7586\u540c\u6837\u662f\u4e00\u573a\u6709\u9057\u61be\u7684\u65c5\u7a0b\uff0c\u4f46\u7edd\u4e0d\u540e\u6094\u3002\u6211\u4eec\u53bb\u65f6\uff0c\u524d\u534a\u6bb5\u5929\u6c14\u826f\u597d\uff0c\u540e\u534a\u6bb5\u5374\u65f6\u5e38\u9634\u96e8\u7ef5\u7ef5\uff0c\u6ca1\u6709\u770b\u5230\u79be\u6728\u548c\u795e\u4ed9\u6e7e\u7684\u6668\u96fe\uff0c\u4e5f\u672a\u8ffd\u4e0a\u4e94\u5f69\u6ee9\u3001\u4e94\u5f69\u57ce\u7684\u65e5\u843d\uff0c\u4f46\u8d3e\u767b\u5cea\u5230\u79be\u6728\u7684\u5f92\u6b65\u5374\u5e26\u6765\u4e86\u60ca\u559c\u3002\u79be\u6728\u5230\u8d3e\u767b\u5cea\u8f66\u4e0a\uff0c\u770b\u5230\u4e86\u4e0d\u8f93\u4e8e\u8d3e\u767b\u5cea\u5230\u79be\u6728\u5f92\u6b65\u7684\u666f\u81f4\uff0c\u53ef\u60dc\u672a\u80fd\u505c\u7559\u4e0b\u6765\u4ed4\u7ec6\u6b23\u8d4f\uff0c\u770b\u6765\u54ea\u5929\u5f97\u518d\u6765\u91cd\u65b0\u5f92\u4e00\u56de\u3002", "heart": [], "post_time": "2018-02-23T03:45:49.007Z", "title": "\u5317\u7586\u884c\u8bb0", "comment_num": 0, "author": 1, "brief": "\u5317\u7586\u884c\u8bb0", "collection": [], "collection_num": 0, "heart_num": 0, "post_image": null, "img_num": 0, "type": "0"}, "model": "blog.post", "pk": 33}, {"fields": {"body": "\u5317\u7586", "heart": [1], "post_time": "2018-02-23T05:31:17.257Z", "title": "\u5317\u7586", "comment_num": 0, "author": 1, "brief": "\u5317\u7586", "collection": [1], "collection_num": 0, "heart_num": 0, "post_image": " ", "img_num": 1, "type": "0"}, "model": "blog.post", "pk": 34}, {"fields": {"body": "       \u6e05\u660e\u671f\u95f4\uff0c\u6765\u5a7a\u6e90\u65f6\uff0c\u5f53\u65f6\u5305\u8f66\u7684\u5e08\u5085\u5c31\u5411\u4ffa\u6ed4\u6ed4\u4e0d\u7edd\u5730\u4ecb\u7ecd\u4e86\u7bc1\u5cad\u7684\u6652\u79cb\u548c\u77f3\u57ce\u7684\u79cb\u8272\uff0c\u90a3\u65f6\u5019\u8d77\uff0c\u5c31\u6709\u4e86\u79cb\u5929\u518d\u6765\u5a7a\u6e90\u7684\u60f3\u6cd5\u3002\u521a\u597d\u76f8\u673a\u548c\u4ffa\u8fd8\u6b20\u78e8\u5408\uff0c\u4e8e\u662f\u672c\u6708\u4e2d\u4e0b\u65ec\uff0c\u987a\u5229\u51fa\u884c\u3002\u7531\u4e8e\u672c\u5e74\u5ea6\u5357\u65b9\u5929\u6c14\u504f\u6696\uff0c\u67ab\u53f6\u8fd8\u6ca1\u6709\u5168\u7ea2\uff0c\u6b64\u6b21\u51fa\u884c\uff0c\u867d\u6ca1\u6709\u770b\u5230\u77f3\u57ce\u7684\u7ea2\u67ab\u53ca\u6668\u96fe\uff0c\u4f46\u7bc1\u5cad\u5374\u7ed9\u4e86\u4ffa\u60ca\u559c\u3002", "heart": [], "post_time": "2018-02-23T03:47:38.804Z", "title": "\u5341\u4e00\u6708\uff1a\u518d\u8bbf\u5a7a\u6e90\u2014\u2014\u2014\u67ab\u53f6\u5f53\u7ea2\uff0c\u6b63\u597d\u6652\u79cb", "comment_num": 0, "author": 1, "brief": "\u5341\u4e00\u6708\uff1a\u518d\u8bbf\u5a7a\u6e90\u2014\u2014\u2014\u67ab\u53f6\u5f53\u7ea2\uff0c\u6b63\u597d\u6652\u79cb", "collection": [], "collection_num": 0, "heart_num": 0, "post_image": null, "img_num": 0, "type": "0"}, "model": "blog.post", "pk": 35}, {"fields": {"body": " \u4e00\u5982\u5f80\u5e74\uff0c\u5341\u4e8c\u6708\uff0c\u5728\u7e41\u5fd9\u7684\u5de5\u4f5c\u4e2d\u5ea6\u8fc7\u3002\r\n\r\n        \u5173\u4e8e2017\r\n        \u76ee\u524d\u53ea\u8ba1\u5212\u4e86\u4e00\u6708\u5e95\u7684\u575d\u4e0a\u7684\u51b0\u96ea\u4e4b\u65c5\r\n        \u4ee5\u53ca\u4e8c\u6708\u5e95\u7684\u63a2\u8bbf\u4e19\u4e2d\u6d1b\u3002\r\n        \u6709\u7ea6\u4e48\uff1f\uff1f\r\n\r\n        \u5e0c\u671b2017\u4f1a\u662f\u7cbe\u5f69\u7684\u4e00\u5e74\u3002\u672c\u7bc7\u6e38\u8bb0\u5171\u542b4706\u4e2a\u6587\u5b57\uff0c277\u5f20\u56fe\u7247\u3002\u5e2e\u52a9\u4e867069\u540d\u4e2d\u56fd\u6e38\u5ba2\u3002http://www.mafengwo.cn/i/6532685.html", "heart": [], "post_time": "2018-02-23T03:49:06.366Z", "title": "\u672c\u7bc7\u6e38\u8bb0", "comment_num": 0, "author": 1, "brief": "\u672c\u7bc7\u6e38\u8bb0", "collection": [], "collection_num": 0, "heart_num": 0, "post_image": null, "img_num": 0, "type": "4"}, "model": "blog.post", "pk": 36}, {"fields": {"body": "\u53ef\u80fd\u7684\u5e94\u7528\u573a\u666f\r\n\u90a3\u4e48signals\u6709\u54ea\u4e9b\u53ef\u80fd\u7684\u5e94\u7528\u573a\u666f\u5462?\u6211\u4eec\u80fd\u591f\u5728\u4ec0\u4e48\u6837\u7684\u573a\u666f\u4e0b\u4f7f\u7528\u5462?\r\n\r\n\u4ece\u5b9a\u4e49\u6765\u770b,\u5176\u5b9e\u5df2\u7ecf\u5f88\u660e\u786e\u4e86, \u5982\u679c\u4e00\u4e2a\u64cd\u4f5c\u53ef\u80fd\u4f1a\u89e6\u53d1\u591a\u4e2a\u540e\u7eed\u4e8b\u4ef6, \u6b64\u65f6\u4f7f\u7528signals\u4f1a\u975e\u5e38\u65b9\u4fbf.\r\n\r\n\u90a3\u4e48\u5177\u4f53\u7684\u5e94\u7528\u53ef\u4ee5\u8003\u8651:\r\n\r\nsns\u4e2d\u7684\u4e8b\u4ef6\u901a\u77e5, \u5982\u7528\u6237\u53d1\u8868\u4e86\u4e00\u7bc7\u535a\u6587, \u7136\u540e\u901a\u77e5\u6240\u6709\u7684\u597d\u53cb\r\n\u7528\u6237\u4fe1\u606f\u7684\u66f4\u6539\u7684\u90ae\u4ef6\u901a\u77e5\r\n\u7528\u6237\u8ba2\u5236\u4fe1\u606f\u7684\u90ae\u4ef6\u901a\u77e5\u7b49", "heart": [], "post_time": "2018-02-24T09:32:41.272Z", "title": " Django\u7684\u4fe1\u53f7\u673a\u5236\u8be6\u89e3", "comment_num": 0, "author": 1, "brief": "http://www.cnblogs.com/mindsbook/archive/2009/10/27/django_signal.html", "collection": [], "collection_num": 0, "heart_num": 0, "post_image": null, "img_num": 0, "type": "4"}, "model": "blog.post", "pk": 38}, {"fields": {"body": "\u53ef\u80fd\u7684\u5e94\u7528\u573a\u666f\r\n\u90a3\u4e48signals\u6709\u54ea\u4e9b\u53ef\u80fd\u7684\u5e94\u7528\u573a\u666f\u5462?\u6211\u4eec\u80fd\u591f\u5728\u4ec0\u4e48\u6837\u7684\u573a\u666f\u4e0b\u4f7f\u7528\u5462?\r\n\r\n\u4ece\u5b9a\u4e49\u6765\u770b,\u5176\u5b9e\u5df2\u7ecf\u5f88\u660e\u786e\u4e86, \u5982\u679c\u4e00\u4e2a\u64cd\u4f5c\u53ef\u80fd\u4f1a\u89e6\u53d1\u591a\u4e2a\u540e\u7eed\u4e8b\u4ef6, \u6b64\u65f6\u4f7f\u7528signals\u4f1a\u975e\u5e38\u65b9\u4fbf.\r\n\r\n\u90a3\u4e48\u5177\u4f53\u7684\u5e94\u7528\u53ef\u4ee5\u8003\u8651:\r\n\r\nsns\u4e2d\u7684\u4e8b\u4ef6\u901a\u77e5, \u5982\u7528\u6237\u53d1\u8868\u4e86\u4e00\u7bc7\u535a\u6587, \u7136\u540e\u901a\u77e5\u6240\u6709\u7684\u597d\u53cb\r\n\u7528\u6237\u4fe1\u606f\u7684\u66f4\u6539\u7684\u90ae\u4ef6\u901a\u77e5\r\n\u7528\u6237\u8ba2\u5236\u4fe1\u606f\u7684\u90ae\u4ef6\u901a\u77e5\u7b49", "heart": [], "post_time": "2018-02-24T09:50:10.007Z", "title": " Django\u7684\u4fe1\u53f7\u673a\u5236\u8be6\u89e3", "comment_num": 0, "author": 1, "brief": "http://www.cnblogs.com/mindsbook/archive/2009/10/27/django_signal.html", "collection": [], "collection_num": 0, "heart_num": 0, "post_image": null, "img_num": 1, "type": "4"}, "model": "blog.post", "pk": 40}, {"fields": {"body": "shishi\u6d88\u606f\u662f\u5426\u6b63\u5e38", "heart": [], "post_time": "2018-02-26T06:37:24.413Z", "title": "test1", "comment_num": 0, "author": 1, "brief": "test1", "collection": [], "collection_num": 0, "heart_num": 0, "post_image": null, "img_num": 0, "type": "4"}, "model": "blog.post", "pk": 60}, {"fields": {"body": "test22222222222", "heart": [], "post_time": "2018-02-26T09:50:12.281Z", "title": "test2", "comment_num": 0, "author": 1, "brief": "test2", "collection": [], "collection_num": 0, "heart_num": 0, "post_image": null, "img_num": 0, "type": "0"}, "model": "blog.post", "pk": 61}, {"fields": {"body": "asdfasfa", "heart": [], "post_time": "2018-02-26T09:53:45.187Z", "title": "test333333333333333333333333333333333333333333333333333333333333333333333333333333333333333333333333", "comment_num": 0, "author": 1, "brief": "adfsfadsf", "collection": [], "collection_num": 0, "heart_num": 0, "post_image": null, "img_num": 0, "type": "0"}, "model": "blog.post", "pk": 62}, {"fields": {"body": "test4", "heart": [], "post_time": "2018-02-27T05:26:58.437Z", "title": "test4", "comment_num": 0, "author": 1, "brief": "test4", "collection": [], "collection_num": 0, "heart_num": 0, "post_image": null, "img_num": 0, "type": "4"}, "model": "blog.post", "pk": 63}, {"fields": {"body": "agagdasg", "heart": [], "post_time": "2018-02-27T07:40:24.718Z", "title": "test333333333333333333333333333333333333333333333333333333333333333333333333333333333333333333333333", "comment_num": 0, "author": 1, "brief": "dasgasga", "collection": [], "collection_num": 0, "heart_num": 0, "post_image": null, "img_num": 0, "type": "4"}, "model": "blog.post", "pk": 64}, {"fields": {"body": "agagdasg", "heart": [], "post_time": "2018-02-27T07:52:04.562Z", "title": "testwwwwwwwww", "comment_num": 0, "author": 1, "brief": "dasgasga", "collection": [], "collection_num": 0, "heart_num": 0, "post_image": null, "img_num": 0, "type": "4"}, "model": "blog.post", "pk": 65}, {"fields": {"body": "testddddddddddddd", "heart": [], "post_time": "2018-02-27T08:25:16.625Z", "title": "testddddddddddddd", "comment_num": 0, "author": 1, "brief": "testddddddddddddd", "collection": [], "collection_num": 0, "heart_num": 0, "post_image": null, "img_num": 0, "type": "4"}, "model": "blog.post", "pk": 66}, {"fields": {"body": "testddddddddddddd", "heart": [], "post_time": "2018-02-27T08:56:25.781Z", "title": "testddssafdafdsf", "comment_num": 0, "author": 1, "brief": "testddddddddddddd", "collection": [], "collection_num": 0, "heart_num": 0, "post_image": null, "img_num": 0, "type": "4"}, "model": "blog.post", "pk": 67}, {"fields": {"body": "testddddddddddddd", "heart": [], "post_time": "2018-02-27T08:57:11.687Z", "title": "testddssafdafdsf", "comment_num": 0, "author": 1, "brief": "testddddddddddddd", "collection": [], "collection_num": 0, "heart_num": 0, "post_image": null, "img_num": 0, "type": "4"}, "model": "blog.post", "pk": 68}, {"fields": {"body": "tests454", "heart": [], "post_time": "2018-03-01T01:27:54.937Z", "title": "tests454", "comment_num": 0, "author": 1, "brief": "tests454", "collection": [], "collection_num": 0, "heart_num": 0, "post_image": null, "img_num": 0, "type": "0"}, "model": "blog.post", "pk": 69}, {"fields": {"body": "tests454", "heart": [], "post_time": "2018-03-01T01:38:06.343Z", "title": "tests454", "comment_num": 0, "author": 1, "brief": "tests454", "collection": [], "collection_num": 0, "heart_num": 0, "post_image": null, "img_num": 0, "type": "0"}, "model": "blog.post", "pk": 70}, {"fields": {"body": "asdfasdfa", "heart": [], "post_time": "2018-03-01T01:39:38.625Z", "title": "dsaffdasfadfa", "comment_num": 0, "author": 1, "brief": "fdasf", "collection": [], "collection_num": 0, "heart_num": 0, "post_image": null, "img_num": 0, "type": "0"}, "model": "blog.post", "pk": 71}, {"fields": {"body": "asdfasdfa", "heart": [], "post_time": "2018-03-01T01:40:39.718Z", "title": "dsaffdasfadfa", "comment_num": 0, "author": 1, "brief": "fdasf", "collection": [], "collection_num": 0, "heart_num": 0, "post_image": null, "img_num": 0, "type": "0"}, "model": "blog.post", "pk": 72}, {"fields": {"body": "asdfasdfa", "heart": [], "post_time": "2018-03-01T01:41:15.187Z", "title": "test32423423432423", "comment_num": 0, "author": 1, "brief": "fdasf", "collection": [], "collection_num": 0, "heart_num": 0, "post_image": null, "img_num": 0, "type": "0"}, "model": "blog.post", "pk": 73}, {"fields": {"body": "asdfasdfa", "heart": [], "post_time": "2018-03-01T01:44:00.093Z", "title": "tttestt", "comment_num": 0, "author": 1, "brief": "fdasf", "collection": [], "collection_num": 0, "heart_num": 0, "post_image": null, "img_num": 0, "type": "0"}, "model": "blog.post", "pk": 74}, {"fields": {"body": "666666", "heart": [], "post_time": "2018-03-01T02:38:18.031Z", "title": "test66666", "comment_num": 0, "author": 1, "brief": "666666", "collection": [], "collection_num": 0, "heart_num": 0, "post_image": null, "img_num": 0, "type": "0"}, "model": "blog.post", "pk": 75}, {"fields": {"body": "666666", "heart": [], "post_time": "2018-03-01T03:28:48.875Z", "title": "6666test66666", "comment_num": 0, "author": 1, "brief": "666666", "collection": [], "collection_num": 0, "heart_num": 0, "post_image": null, "img_num": 0, "type": "0"}, "model": "blog.post", "pk": 76}, {"fields": {"body": "3-1test", "heart": [], "post_time": "2018-03-01T07:30:43.734Z", "title": "3-1test", "comment_num": 0, "author": 1, "brief": "3-1test", "collection": [], "collection_num": 0, "heart_num": 0, "post_image": null, "img_num": 0, "type": "0"}, "model": "blog.post", "pk": 77}, {"fields": {"body": "3-1test", "heart": [], "post_time": "2018-03-01T07:33:36.078Z", "title": "3-1test", "comment_num": 0, "author": 1, "brief": "3-1test", "collection": [], "collection_num": 0, "heart_num": 0, "post_image": null, "img_num": 0, "type": "0"}, "model": "blog.post", "pk": 78}, {"fields": {"body": "3-1test", "heart": [], "post_time": "2018-03-01T07:35:24.437Z", "title": "3-1test", "comment_num": 0, "author": 1, "brief": "3-1test", "collection": [], "collection_num": 0, "heart_num": 0, "post_image": null, "img_num": 0, "type": "0"}, "model": "blog.post", "pk": 79}, {"fields": {"body": "3-1test", "heart": [], "post_time": "2018-03-01T07:36:40.078Z", "title": "3-1test", "comment_num": 0, "author": 1, "brief": "3-1test", "collection": [], "collection_num": 0, "heart_num": 0, "post_image": null, "img_num": 0, "type": "0"}, "model": "blog.post", "pk": 80}, {"fields": {"body": "3-1test", "heart": [], "post_time": "2018-03-01T07:36:49.953Z", "title": "3-1test", "comment_num": 0, "author": 1, "brief": "3-1test", "collection": [], "collection_num": 0, "heart_num": 0, "post_image": null, "img_num": 0, "type": "0"}, "model": "blog.post", "pk": 81}, {"fields": {"body": "3-1test", "heart": [], "post_time": "2018-03-01T07:40:17.046Z", "title": "3-1test", "comment_num": 0, "author": 1, "brief": "3-1test", "collection": [], "collection_num": 0, "heart_num": 0, "post_image": null, "img_num": 0, "type": "0"}, "model": "blog.post", "pk": 82}, {"fields": {"body": "test\u7a81\u7136", "heart": [], "post_time": "2018-03-02T04:05:26.046Z", "title": "test\u7a81\u7136", "comment_num": 0, "author": 1, "brief": "test\u7a81\u7136", "collection": [], "collection_num": 0, "heart_num": 0, "post_image": null, "img_num": 0, "type": "0"}, "model": "blog.post", "pk": 83}, {"fields": {"body": "tetetstsatata", "heart": [], "post_time": "2018-03-02T05:27:01.234Z", "title": "tetetstsatata", "comment_num": 0, "author": 1, "brief": "tetetstsatata", "collection": [], "collection_num": 0, "heart_num": 0, "post_image": null, "img_num": 0, "type": "0"}, "model": "blog.post", "pk": 84}, {"fields": {"body": "tetetstsatata", "heart": [], "post_time": "2018-03-02T05:27:59.421Z", "title": "testfinished", "comment_num": 0, "author": 1, "brief": "tetetstsatata", "collection": [], "collection_num": 0, "heart_num": 0, "post_image": null, "img_num": 0, "type": "0"}, "model": "blog.post", "pk": 85}, {"fields": {"body": "tetetstsatata", "heart": [], "post_time": "2018-03-02T05:28:25.828Z", "title": "testfinished2", "comment_num": 0, "author": 1, "brief": "tetetstsatata", "collection": [], "collection_num": 0, "heart_num": 0, "post_image": null, "img_num": 0, "type": "0"}, "model": "blog.post", "pk": 86}, {"fields": {"body": "tetetstsatata", "heart": [], "post_time": "2018-03-02T05:28:56.125Z", "title": "testfinished4", "comment_num": 0, "author": 1, "brief": "tetetstsatata", "collection": [], "collection_num": 0, "heart_num": 0, "post_image": null, "img_num": 0, "type": "0"}, "model": "blog.post", "pk": 87}, {"fields": {"body": "asdfadsf", "heart": [], "post_time": "2018-03-06T03:40:37.302Z", "title": "dsafasdfad", "comment_num": 0, "author": 1, "brief": "asdfadsf", "collection": [], "collection_num": 0, "heart_num": 0, "post_image": null, "img_num": 0, "type": "0"}, "model": "blog.post", "pk": 88}, {"fields": {"body": "asdfadsf", "heart": [], "post_time": "2018-03-06T03:41:09.927Z", "title": "dsafasdfad", "comment_num": 0, "author": 1, "brief": "asdfadsf", "collection": [], "collection_num": 0, "heart_num": 0, "post_image": null, "img_num": 0, "type": "0"}, "model": "blog.post", "pk": 89}, {"fields": {"body": "asdfadsf", "heart": [], "post_time": "2018-03-06T03:46:01.990Z", "title": "dsafasdfad", "comment_num": 0, "author": 1, "brief": "asdfadsf", "collection": [], "collection_num": 0, "heart_num": 0, "post_image": null, "img_num": 0, "type": "0"}, "model": "blog.post", "pk": 90}, {"fields": {"body": "asdfadsf", "heart": [], "post_time": "2018-03-06T03:46:16.834Z", "title": "dsafasdfad", "comment_num": 0, "author": 1, "brief": "asdfadsf", "collection": [], "collection_num": 0, "heart_num": 0, "post_image": null, "img_num": 0, "type": "0"}, "model": "blog.post", "pk": 91}, {"fields": {"follower": 1, "followed": 2}, "model": "blog.friendship", "pk": 14}, {"fields": {"follower": 3, "followed": 2}, "model": "blog.friendship", "pk": 15}, {"fields": {"follower": 3, "followed": 1}, "model": "blog.friendship", "pk": 20}, {"fields": {"follower": 2, "followed": 1}, "model": "blog.friendship", "pk": 23}, {"fields": {"follower": 1, "followed": 5}, "model": "blog.friendship", "pk": 24}, {"fields": {"content": "666666", "article": 7, "commentor": 1, "timestamp": "2018-02-12T09:56:30.734Z"}, "model": "blog.comment", "pk": 1}, {"fields": {"content": "okok", "article": 7, "commentor": 1, "timestamp": "2018-02-22T01:16:22.687Z"}, "model": "blog.comment", "pk": 2}, {"fields": {"content": "dsafasdfasfasfas", "article": 12, "commentor": 4, "timestamp": "2018-02-22T06:47:19.726Z"}, "model": "blog.comment", "pk": 5}, {"fields": {"content": "\u3010\u3011\u3010\u3011\u3010\u3011", "article": 17, "commentor": 1, "timestamp": "2018-02-23T07:28:16.866Z"}, "model": "blog.comment", "pk": 7}, {"fields": {"content": "dddd", "article": 17, "commentor": 1, "timestamp": "2018-02-23T07:42:03.804Z"}, "model": "blog.comment", "pk": 8}, {"fields": {"sender": 1, "timestamp": "2018-02-27T07:40:25.187Z", "content": "\u60a8\u5173\u6ce8\u7684 admin \u53d1\u8868\u4e86\u65b0\u7684\u535a\u5ba2 \u300atest333333333333333333333333333333333333333333333333333333333333333333333333333333333333333333333333\u300b ", "post_id": 64, "receiver": [2, 5], "has_readed": true}, "model": "blog.message", "pk": 15}, {"fields": {"sender": 1, "timestamp": "2018-02-27T07:52:04.828Z", "content": "\u60a8\u5173\u6ce8\u7684 admin \u53d1\u8868\u4e86\u65b0\u7684\u535a\u5ba2 \u300atestwwwwwwwww\u300b ", "post_id": 65, "receiver": [2, 5], "has_readed": true}, "model": "blog.message", "pk": 16}, {"fields": {"sender": 1, "timestamp": "2018-02-27T08:25:16.906Z", "content": "\u60a8\u5173\u6ce8\u7684 admin \u53d1\u8868\u4e86\u65b0\u7684\u535a\u5ba2 \u300atestddddddddddddd\u300b ", "post_id": 66, "receiver": [2, 5], "has_readed": true}, "model": "blog.message", "pk": 17}, {"fields": {"sender": 1, "timestamp": "2018-02-27T08:56:26.062Z", "content": "\u60a8\u5173\u6ce8\u7684 admin \u53d1\u8868\u4e86\u65b0\u7684\u535a\u5ba2 \u300atestddssafdafdsf\u300b ", "post_id": 67, "receiver": [2, 5], "has_readed": true}, "model": "blog.message", "pk": 18}, {"fields": {"sender": 1, "timestamp": "2018-02-27T08:57:12.093Z", "content": "\u60a8\u5173\u6ce8\u7684 admin \u53d1\u8868\u4e86\u65b0\u7684\u535a\u5ba2 \u300atestddssafdafdsf\u300b ", "post_id": 68, "receiver": [2, 5], "has_readed": true}, "model": "blog.message", "pk": 19}, {"fields": {"sender": 6, "timestamp": "2018-02-28T02:24:43.765Z", "content": "666666666666666", "post_id": null, "receiver": [1], "has_readed": true}, "model": "blog.message", "pk": 20}, {"fields": {"sender": 6, "timestamp": "2018-02-28T02:26:42.437Z", "content": "fadfafadfa", "post_id": null, "receiver": [1], "has_readed": true}, "model": "blog.message", "pk": 21}, {"fields": {"sender": 6, "timestamp": "2018-02-28T02:27:46.234Z", "content": "fadfafadfa", "post_id": null, "receiver": [1], "has_readed": true}, "model": "blog.message", "pk": 22}, {"fields": {"sender": 6, "timestamp": "2018-02-28T02:28:23.875Z", "content": "fadfafadfa", "post_id": null, "receiver": [1], "has_readed": true}, "model": "blog.message", "pk": 23}, {"fields": {"sender": 1, "timestamp": "2018-03-01T01:27:58.796Z", "content": "\u60a8\u5173\u6ce8\u7684 admin \u53d1\u8868\u4e86\u65b0\u7684\u535a\u5ba2 \u300atests454\u300b ", "post_id": 69, "receiver": [2, 5], "has_readed": false}, "model": "blog.message", "pk": 24}, {"fields": {"sender": 1, "timestamp": "2018-03-01T01:38:07.421Z", "content": "\u60a8\u5173\u6ce8\u7684 admin \u53d1\u8868\u4e86\u65b0\u7684\u535a\u5ba2 \u300atests454\u300b ", "post_id": 70, "receiver": [2, 5], "has_readed": false}, "model": "blog.message", "pk": 25}, {"fields": {"sender": 1, "timestamp": "2018-03-01T01:39:38.953Z", "content": "\u60a8\u5173\u6ce8\u7684 admin \u53d1\u8868\u4e86\u65b0\u7684\u535a\u5ba2 \u300adsaffdasfadfa\u300b ", "post_id": 71, "receiver": [2, 5], "has_readed": false}, "model": "blog.message", "pk": 26}, {"fields": {"sender": 1, "timestamp": "2018-03-01T01:40:40.968Z", "content": "\u60a8\u5173\u6ce8\u7684 admin \u53d1\u8868\u4e86\u65b0\u7684\u535a\u5ba2 \u300adsaffdasfadfa\u300b ", "post_id": 72, "receiver": [2, 5], "has_readed": false}, "model": "blog.message", "pk": 27}, {"fields": {"sender": 1, "timestamp": "2018-03-01T01:41:16.265Z", "content": "\u60a8\u5173\u6ce8\u7684 admin \u53d1\u8868\u4e86\u65b0\u7684\u535a\u5ba2 \u300atest32423423432423\u300b ", "post_id": 73, "receiver": [2, 5], "has_readed": false}, "model": "blog.message", "pk": 28}, {"fields": {"sender": 1, "timestamp": "2018-03-01T01:44:02.437Z", "content": "\u60a8\u5173\u6ce8\u7684 admin \u53d1\u8868\u4e86\u65b0\u7684\u535a\u5ba2 \u300atttestt\u300b ", "post_id": 74, "receiver": [2, 5], "has_readed": false}, "model": "blog.message", "pk": 29}, {"fields": {"sender": 1, "timestamp": "2018-03-01T02:19:26.703Z", "content": "OK", "post_id": null, "receiver": [1], "has_readed": false}, "model": "blog.message", "pk": 30}, {"fields": {"sender": 1, "timestamp": "2018-03-01T02:20:53.828Z", "content": "6666", "post_id": null, "receiver": [1], "has_readed": false}, "model": "blog.message", "pk": 31}, {"fields": {"sender": 1, "timestamp": "2018-03-01T02:25:01.484Z", "content": "6666", "post_id": null, "receiver": [1], "has_readed": false}, "model": "blog.message", "pk": 32}, {"fields": {"sender": 1, "timestamp": "2018-03-01T02:27:45.421Z", "content": "EEEEE", "post_id": null, "receiver": [1], "has_readed": true}, "model": "blog.message", "pk": 33}, {"fields": {"sender": 1, "timestamp": "2018-03-01T02:30:35.687Z", "content": "erwr2333", "post_id": null, "receiver": [5], "has_readed": false}, "model": "blog.message", "pk": 34}, {"fields": {"sender": 1, "timestamp": "2018-03-01T02:38:18.937Z", "content": "\u60a8\u5173\u6ce8\u7684 admin \u53d1\u8868\u4e86\u65b0\u7684\u535a\u5ba2 \u300atest66666\u300b ", "post_id": 75, "receiver": [2, 5], "has_readed": false}, "model": "blog.message", "pk": 35}, {"fields": {"sender": 1, "timestamp": "2018-03-01T03:28:49.953Z", "content": "\u60a8\u5173\u6ce8\u7684 admin \u53d1\u8868\u4e86\u65b0\u7684\u535a\u5ba2 \u300a6666test66666\u300b ", "post_id": 76, "receiver": [2, 5], "has_readed": false}, "model": "blog.message", "pk": 36}, {"fields": {"sender": 1, "timestamp": "2018-03-01T07:30:45.968Z", "content": "\u60a8\u5173\u6ce8\u7684 admin \u53d1\u8868\u4e86\u65b0\u7684\u535a\u5ba2 \u300a3-1test\u300b ", "post_id": 77, "receiver": [2, 5], "has_readed": false}, "model": "blog.message", "pk": 37}, {"fields": {"sender": 1, "timestamp": "2018-03-01T07:40:17.984Z", "content": "\u60a8\u5173\u6ce8\u7684 admin \u53d1\u8868\u4e86\u65b0\u7684\u535a\u5ba2 \u300a3-1test\u300b ", "post_id": 82, "receiver": [2, 5], "has_readed": false}, "model": "blog.message", "pk": 38}, {"fields": {"sender": 1, "timestamp": "2018-03-02T03:52:07.671Z", "content": "\u7ed9\u5bf9\u65b9\u662f\u4e2a\u5bcc\u5546\u5927\u8d3e ", "post_id": null, "receiver": [5], "has_readed": false}, "model": "blog.message", "pk": 39}, {"fields": {"sender": 1, "timestamp": "2018-03-02T04:01:23.156Z", "content": "\u53d1\u7684\u8bf4\u6cd5", "post_id": null, "receiver": [5], "has_readed": false}, "model": "blog.message", "pk": 40}, {"fields": {"sender": 1, "timestamp": "2018-03-02T04:05:28.015Z", "content": "\u60a8\u5173\u6ce8\u7684 admin \u53d1\u8868\u4e86\u65b0\u7684\u535a\u5ba2 \u300atest\u7a81\u7136\u300b ", "post_id": 83, "receiver": [2, 5], "has_readed": false}, "model": "blog.message", "pk": 41}, {"fields": {"sender": 1, "timestamp": "2018-03-02T05:22:04.593Z", "content": "3334", "post_id": null, "receiver": [5], "has_readed": false}, "model": "blog.message", "pk": 42}, {"fields": {"sender": 1, "timestamp": "2018-03-02T05:23:23.640Z", "content": "32323", "post_id": null, "receiver": [5], "has_readed": false}, "model": "blog.message", "pk": 43}, {"fields": {"sender": 1, "timestamp": "2018-03-02T05:25:36.234Z", "content": "edsefeedf", "post_id": null, "receiver": [5], "has_readed": false}, "model": "blog.message", "pk": 44}, {"fields": {"sender": 1, "timestamp": "2018-03-02T05:27:03.593Z", "content": "\u60a8\u5173\u6ce8\u7684 admin \u53d1\u8868\u4e86\u65b0\u7684\u535a\u5ba2 \u300atetetstsatata\u300b ", "post_id": 84, "receiver": [2, 5], "has_readed": false}, "model": "blog.message", "pk": 45}, {"fields": {"sender": 1, "timestamp": "2018-03-02T05:27:59.781Z", "content": "\u60a8\u5173\u6ce8\u7684 admin \u53d1\u8868\u4e86\u65b0\u7684\u535a\u5ba2 \u300atestfinished\u300b ", "post_id": 85, "receiver": [2, 5], "has_readed": false}, "model": "blog.message", "pk": 46}, {"fields": {"sender": 1, "timestamp": "2018-03-02T05:28:26.187Z", "content": "\u60a8\u5173\u6ce8\u7684 admin \u53d1\u8868\u4e86\u65b0\u7684\u535a\u5ba2 \u300atestfinished2\u300b ", "post_id": 86, "receiver": [2, 5], "has_readed": true}, "model": "blog.message", "pk": 47}, {"fields": {"sender": 1, "timestamp": "2018-03-02T05:28:56.421Z", "content": "\u60a8\u5173\u6ce8\u7684 admin \u53d1\u8868\u4e86\u65b0\u7684\u535a\u5ba2 \u300atestfinished4\u300b ", "post_id": 87, "receiver": [2, 5], "has_readed": true}, "model": "blog.message", "pk": 48}, {"fields": {"sender": 1, "timestamp": "2018-03-02T06:03:50.921Z", "content": "66666", "post_id": null, "receiver": [5], "has_readed": true}, "model": "blog.message", "pk": 49}, {"fields": {"sender": 1, "timestamp": "2018-03-02T06:08:45.953Z", "content": "3333", "post_id": null, "receiver": [5], "has_readed": false}, "model": "blog.message", "pk": 50}, {"fields": {"sender": 1, "timestamp": "2018-03-02T07:27:14.578Z", "content": "rrrrr", "post_id": null, "receiver": [5], "has_readed": false}, "model": "blog.message", "pk": 51}, {"fields": {"sender": 1, "timestamp": "2018-03-02T07:28:12.578Z", "content": "\u7684\u70b9\u70b9\u6ef4\u6ef4", "post_id": null, "receiver": [5], "has_readed": false}, "model": "blog.message", "pk": 52}, {"fields": {"sender": 1, "timestamp": "2018-03-02T07:28:35.578Z", "content": "dddd", "post_id": null, "receiver": [5], "has_readed": false}, "model": "blog.message", "pk": 53}, {"fields": {"sender": 1, "timestamp": "2018-03-02T07:29:09.593Z", "content": "dddd", "post_id": null, "receiver": [5], "has_readed": false}, "model": "blog.message", "pk": 54}, {"fields": {"sender": 1, "timestamp": "2018-03-02T08:05:39.906Z", "content": "\u5927\u5e45\u5ea6", "post_id": null, "receiver": [5], "has_readed": false}, "model": "blog.message", "pk": 55}, {"fields": {"sender": 1, "timestamp": "2018-03-02T08:18:53.125Z", "content": "000", "post_id": null, "receiver": [5], "has_readed": false}, "model": "blog.message", "pk": 56}, {"fields": {"sender": 1, "timestamp": "2018-03-02T08:24:23.890Z", "content": "\u5565\u98ce\u683c\r\n", "post_id": null, "receiver": [5], "has_readed": false}, "model": "blog.message", "pk": 57}, {"fields": {"sender": 1, "timestamp": "2018-03-02T08:24:42.453Z", "content": "\u5927\u5927\u53d1", "post_id": null, "receiver": [5], "has_readed": false}, "model": "blog.message", "pk": 58}, {"fields": {"sender": 1, "timestamp": "2018-03-02T08:25:07.250Z", "content": "\u5927\u591a\u6570\u53d1\u7684\u662f", "post_id": null, "receiver": [5], "has_readed": false}, "model": "blog.message", "pk": 59}, {"fields": {"sender": 1, "timestamp": "2018-03-02T08:25:21.406Z", "content": "\u5927\u6c99\u53d1", "post_id": null, "receiver": [5], "has_readed": false}, "model": "blog.message", "pk": 60}, {"fields": {"sender": 1, "timestamp": "2018-03-02T08:46:52.593Z", "content": "4546477", "post_id": null, "receiver": [5], "has_readed": false}, "model": "blog.message", "pk": 61}, {"fields": {"sender": 1, "timestamp": "2018-03-02T08:47:11.718Z", "content": "\u53f0\u6e7e\u70ed\u5e16\u6211\u8ba4\u4e3a", "post_id": null, "receiver": [5], "has_readed": false}, "model": "blog.message", "pk": 62}, {"fields": {"sender": 1, "timestamp": "2018-03-02T08:48:08.859Z", "content": "\u5c11\u65f6\u8bf5\u8bd7\u4e66\u6240", "post_id": null, "receiver": [5], "has_readed": false}, "model": "blog.message", "pk": 63}, {"fields": {"sender": 1, "timestamp": "2018-03-02T08:48:24.765Z", "content": "\u662f\u662f\u662f", "post_id": null, "receiver": [5], "has_readed": false}, "model": "blog.message", "pk": 64}, {"fields": {"sender": 1, "timestamp": "2018-03-02T08:51:08.156Z", "content": "EWWEE V", "post_id": null, "receiver": [5], "has_readed": false}, "model": "blog.message", "pk": 65}, {"fields": {"sender": 1, "timestamp": "2018-03-02T08:51:37.671Z", "content": "ADSFASFADF", "post_id": null, "receiver": [5], "has_readed": false}, "model": "blog.message", "pk": 66}, {"fields": {"sender": 1, "timestamp": "2018-03-02T08:52:56.921Z", "content": "FDFA", "post_id": null, "receiver": [5], "has_readed": false}, "model": "blog.message", "pk": 67}, {"fields": {"sender": 1, "timestamp": "2018-03-02T09:03:48.031Z", "content": "\u5f97\u5230", "post_id": null, "receiver": [5], "has_readed": false}, "model": "blog.message", "pk": 68}, {"fields": {"sender": 1, "timestamp": "2018-03-05T01:48:04.109Z", "content": "\u9e45\u9e45\u9e45", "post_id": null, "receiver": [5], "has_readed": false}, "model": "blog.message", "pk": 69}, {"fields": {"sender": 1, "timestamp": "2018-03-05T01:49:25.296Z", "content": "\u6492", "post_id": null, "receiver": [5], "has_readed": false}, "model": "blog.message", "pk": 70}, {"fields": {"sender": 1, "timestamp": "2018-03-05T03:18:06.328Z", "content": "\u5bf9\u5bf9\u5bf9", "post_id": null, "receiver": [5], "has_readed": true}, "model": "blog.message", "pk": 71}, {"fields": {"sender": 1, "timestamp": "2018-03-06T03:40:42.990Z", "content": "\u60a8\u5173\u6ce8\u7684 admin \u53d1\u8868\u4e86\u65b0\u7684\u535a\u5ba2 \u300adsafasdfad\u300b ", "post_id": 88, "receiver": [2, 5], "has_readed": false}, "model": "blog.message", "pk": 72}, {"fields": {"sender": 1, "timestamp": "2018-03-06T03:41:10.068Z", "content": "\u60a8\u5173\u6ce8\u7684 admin \u53d1\u8868\u4e86\u65b0\u7684\u535a\u5ba2 \u300adsafasdfad\u300b ", "post_id": 89, "receiver": [2, 5], "has_readed": true}, "model": "blog.message", "pk": 73}, {"fields": {"sender": 1, "timestamp": "2018-03-06T03:46:03.287Z", "content": "\u60a8\u5173\u6ce8\u7684 admin \u53d1\u8868\u4e86\u65b0\u7684\u535a\u5ba2 \u300adsafasdfad\u300b ", "post_id": 90, "receiver": [2, 5], "has_readed": false}, "model": "blog.message", "pk": 74}, {"fields": {"sender": 1, "timestamp": "2018-03-06T03:46:16.974Z", "content": "\u60a8\u5173\u6ce8\u7684 admin \u53d1\u8868\u4e86\u65b0\u7684\u535a\u5ba2 \u300adsafasdfad\u300b ", "post_id": 91, "receiver": [2, 5], "has_readed": true}, "model": "blog.message", "pk": 75}, {"fields": {"action_flag": 2, "action_time": "2018-02-08T06:53:27.160Z", "object_repr": "Picture object", "object_id": "3", "change_message": "Changed image_url.", "user": 1, "content_type": 8}, "model": "admin.logentry", "pk": 1}, {"fields": {"action_flag": 2, "action_time": "2018-02-08T06:53:41.676Z", "object_repr": "Picture object", "object_id": "2", "change_message": "Changed image_url.", "user": 1, "content_type": 8}, "model": "admin.logentry", "pk": 2}, {"fields": {"action_flag": 2, "action_time": "2018-02-08T06:53:49.348Z", "object_repr": "Picture object", "object_id": "1", "change_message": "Changed image_url.", "user": 1, "content_type": 8}, "model": "admin.logentry", "pk": 3}, {"fields": {"action_flag": 2, "action_time": "2018-02-08T06:54:32.848Z", "object_repr": "Picture object", "object_id": "3", "change_message": "No fields changed.", "user": 1, "content_type": 8}, "model": "admin.logentry", "pk": 4}, {"fields": {"action_flag": 3, "action_time": "2018-02-08T06:55:20.442Z", "object_repr": "adsfadfda", "object_id": "1", "change_message": "", "user": 1, "content_type": 7}, "model": "admin.logentry", "pk": 5}, {"fields": {"action_flag": 3, "action_time": "2018-02-08T06:56:50.489Z", "object_repr": "sdfgadfg", "object_id": "2", "change_message": "", "user": 1, "content_type": 7}, "model": "admin.logentry", "pk": 6}, {"fields": {"action_flag": 3, "action_time": "2018-02-08T07:56:27.801Z", "object_repr": "dsfaesfgsaga", "object_id": "3", "change_message": "", "user": 1, "content_type": 7}, "model": "admin.logentry", "pk": 7}, {"fields": {"action_flag": 1, "action_time": "2018-02-09T06:49:14.734Z", "object_repr": "Friendship object", "object_id": "1", "change_message": "", "user": 1, "content_type": 9}, "model": "admin.logentry", "pk": 8}, {"fields": {"action_flag": 3, "action_time": "2018-02-09T06:59:50.281Z", "object_repr": "Friendship object", "object_id": "2", "change_message": "", "user": 1, "content_type": 9}, "model": "admin.logentry", "pk": 9}, {"fields": {"action_flag": 3, "action_time": "2018-02-09T06:59:50.406Z", "object_repr": "Friendship object", "object_id": "1", "change_message": "", "user": 1, "content_type": 9}, "model": "admin.logentry", "pk": 10}, {"fields": {"action_flag": 3, "action_time": "2018-02-09T07:17:45.125Z", "object_repr": "Friendship object", "object_id": "5", "change_message": "", "user": 1, "content_type": 9}, "model": "admin.logentry", "pk": 11}, {"fields": {"action_flag": 3, "action_time": "2018-02-09T07:17:45.234Z", "object_repr": "Friendship object", "object_id": "4", "change_message": "", "user": 1, "content_type": 9}, "model": "admin.logentry", "pk": 12}, {"fields": {"action_flag": 3, "action_time": "2018-02-09T07:17:45.328Z", "object_repr": "Friendship object", "object_id": "3", "change_message": "", "user": 1, "content_type": 9}, "model": "admin.logentry", "pk": 13}, {"fields": {"action_flag": 2, "action_time": "2018-02-12T03:57:28.250Z", "object_repr": "\u5bd2\u51b7\u968f\u8bb0", "object_id": "7", "change_message": "Changed post_image, collection, heart, heart_num and img_num.", "user": 1, "content_type": 7}, "model": "admin.logentry", "pk": 14}, {"fields": {"action_flag": 2, "action_time": "2018-02-12T03:57:59.921Z", "object_repr": "\u60c5\u5723", "object_id": "6", "change_message": "Changed post_image, heart, heart_num and img_num.", "user": 1, "content_type": 7}, "model": "admin.logentry", "pk": 15}, {"fields": {"action_flag": 2, "action_time": "2018-02-12T03:58:19.703Z", "object_repr": "\u71d5\u9ea6\u9178\u5976\u676f-\u597d\u5403\u5230\u8fde\u676f\u5b50\u4e5f\u5403\u6389", "object_id": "5", "change_message": "Changed post_image, heart, heart_num and img_num.", "user": 1, "content_type": 7}, "model": "admin.logentry", "pk": 16}, {"fields": {"action_flag": 2, "action_time": "2018-02-12T04:01:10.578Z", "object_repr": "\u5bd2\u51b7\u968f\u8bb0", "object_id": "7", "change_message": "Changed collection_num.", "user": 1, "content_type": 7}, "model": "admin.logentry", "pk": 17}, {"fields": {"action_flag": 2, "action_time": "2018-02-12T04:01:17.437Z", "object_repr": "\u60c5\u5723", "object_id": "6", "change_message": "Changed collection_num.", "user": 1, "content_type": 7}, "model": "admin.logentry", "pk": 18}, {"fields": {"action_flag": 2, "action_time": "2018-02-12T04:01:22.750Z", "object_repr": "\u71d5\u9ea6\u9178\u5976\u676f-\u597d\u5403\u5230\u8fde\u676f\u5b50\u4e5f\u5403\u6389", "object_id": "5", "change_message": "Changed collection_num.", "user": 1, "content_type": 7}, "model": "admin.logentry", "pk": 19}, {"fields": {"action_flag": 2, "action_time": "2018-02-22T01:16:45.593Z", "object_repr": "\u5bd2\u51b7\u968f\u8bb0", "object_id": "7", "change_message": "Changed comment_num.", "user": 1, "content_type": 7}, "model": "admin.logentry", "pk": 20}, {"fields": {"action_flag": 2, "action_time": "2018-02-22T02:35:54.913Z", "object_repr": "\u5510\u4eba\u8857\u63a2\u68482", "object_id": "12", "change_message": "Changed post_image, collection, heart and comment_num.", "user": 1, "content_type": 7}, "model": "admin.logentry", "pk": 21}, {"fields": {"action_flag": 2, "action_time": "2018-02-22T02:38:36.866Z", "object_repr": "\u5510\u4eba\u8857\u63a2\u68482", "object_id": "12", "change_message": "Changed heart_num, img_num and collection_num.", "user": 1, "content_type": 7}, "model": "admin.logentry", "pk": 22}, {"fields": {"action_flag": 2, "action_time": "2018-02-23T05:31:19.241Z", "object_repr": "\u5317\u7586", "object_id": "34", "change_message": "Changed post_image, collection, heart and img_num.", "user": 1, "content_type": 7}, "model": "admin.logentry", "pk": 23}, {"fields": {"action_flag": 2, "action_time": "2018-02-23T05:31:39.882Z", "object_repr": "\u73af\u897f\u6e56\uff0c\u8d70\u4e5d\u6eaa\uff0c\u4e0a\u9f99\u4e95\u3002", "object_id": "28", "change_message": "Changed post_image, collection, heart and img_num.", "user": 1, "content_type": 7}, "model": "admin.logentry", "pk": 24}, {"fields": {"action_flag": 2, "action_time": "2018-02-23T05:32:07.804Z", "object_repr": "\u6e90\u4e1c\u6843\u82b1\u5b63\u3002", "object_id": "27", "change_message": "Changed post_image, collection, heart and img_num.", "user": 1, "content_type": 7}, "model": "admin.logentry", "pk": 25}, {"fields": {"action_flag": 2, "action_time": "2018-02-23T05:32:21.538Z", "object_repr": "\u4e09\u6708\uff1a\u6e56\u5dde\u3001\u6e90\u4e1c\u6843\u82b1\u5b63\u3001\u7b2c\u4e8c\u6b21\u73af\u897f\u6e56", "object_id": "26", "change_message": "Changed post_image, collection, heart and img_num.", "user": 1, "content_type": 7}, "model": "admin.logentry", "pk": 26}, {"fields": {"action_flag": 2, "action_time": "2018-02-23T05:32:47.569Z", "object_repr": "\u56db\u4eba\u540c", "object_id": "22", "change_message": "Changed post_image, collection, heart and img_num.", "user": 1, "content_type": 7}, "model": "admin.logentry", "pk": 27}, {"fields": {"action_flag": 2, "action_time": "2018-02-23T05:33:03.288Z", "object_repr": "\u676d\u5dde\u897f\u6e56", "object_id": "17", "change_message": "Changed post_image, collection, heart and img_num.", "user": 1, "content_type": 7}, "model": "admin.logentry", "pk": 28}, {"fields": {"action_flag": 3, "action_time": "2018-02-26T03:28:29.475Z", "object_repr": "Message object", "object_id": "4", "change_message": "", "user": 1, "content_type": 11}, "model": "admin.logentry", "pk": 29}, {"fields": {"action_flag": 3, "action_time": "2018-02-26T03:28:29.585Z", "object_repr": "Message object", "object_id": "3", "change_message": "", "user": 1, "content_type": 11}, "model": "admin.logentry", "pk": 30}, {"fields": {"action_flag": 3, "action_time": "2018-02-26T03:28:29.694Z", "object_repr": "Message object", "object_id": "2", "change_message": "", "user": 1, "content_type": 11}, "model": "admin.logentry", "pk": 31}, {"fields": {"action_flag": 3, "action_time": "2018-02-26T03:28:29.788Z", "object_repr": "Message object", "object_id": "1", "change_message": "", "user": 1, "content_type": 11}, "model": "admin.logentry", "pk": 32}, {"fields": {"action_flag": 3, "action_time": "2018-02-26T06:34:07.913Z", "object_repr": "Message object", "object_id": "10", "change_message": "", "user": 1, "content_type": 11}, "model": "admin.logentry", "pk": 33}, {"fields": {"action_flag": 3, "action_time": "2018-02-26T06:34:08.038Z", "object_repr": "Message object", "object_id": "9", "change_message": "", "user": 1, "content_type": 11}, "model": "admin.logentry", "pk": 34}, {"fields": {"action_flag": 3, "action_time": "2018-02-26T06:34:08.147Z", "object_repr": "Message object", "object_id": "8", "change_message": "", "user": 1, "content_type": 11}, "model": "admin.logentry", "pk": 35}, {"fields": {"action_flag": 3, "action_time": "2018-02-26T06:34:08.241Z", "object_repr": "Message object", "object_id": "7", "change_message": "", "user": 1, "content_type": 11}, "model": "admin.logentry", "pk": 36}, {"fields": {"action_flag": 3, "action_time": "2018-02-26T06:34:08.335Z", "object_repr": "Message object", "object_id": "6", "change_message": "", "user": 1, "content_type": 11}, "model": "admin.logentry", "pk": 37}, {"fields": {"action_flag": 3, "action_time": "2018-02-26T06:34:08.429Z", "object_repr": "Message object", "object_id": "5", "change_message": "", "user": 1, "content_type": 11}, "model": "admin.logentry", "pk": 38}, {"fields": {"action_flag": 3, "action_time": "2018-02-26T06:34:41.663Z", "object_repr": "test1111111", "object_id": "59", "change_message": "", "user": 1, "content_type": 7}, "model": "admin.logentry", "pk": 39}, {"fields": {"action_flag": 3, "action_time": "2018-02-26T06:34:41.757Z", "object_repr": "efefe", "object_id": "58", "change_message": "", "user": 1, "content_type": 7}, "model": "admin.logentry", "pk": 40}, {"fields": {"action_flag": 3, "action_time": "2018-02-26T06:34:41.866Z", "object_repr": "efefe", "object_id": "57", "change_message": "", "user": 1, "content_type": 7}, "model": "admin.logentry", "pk": 41}, {"fields": {"action_flag": 3, "action_time": "2018-02-26T06:34:41.944Z", "object_repr": "efefe", "object_id": "56", "change_message": "", "user": 1, "content_type": 7}, "model": "admin.logentry", "pk": 42}, {"fields": {"action_flag": 3, "action_time": "2018-02-26T06:34:42.022Z", "object_repr": "efefe", "object_id": "55", "change_message": "", "user": 1, "content_type": 7}, "model": "admin.logentry", "pk": 43}, {"fields": {"action_flag": 3, "action_time": "2018-02-26T06:34:42.163Z", "object_repr": "efefe", "object_id": "54", "change_message": "", "user": 1, "content_type": 7}, "model": "admin.logentry", "pk": 44}, {"fields": {"action_flag": 3, "action_time": "2018-02-26T06:34:42.241Z", "object_repr": "efefe", "object_id": "53", "change_message": "", "user": 1, "content_type": 7}, "model": "admin.logentry", "pk": 45}, {"fields": {"action_flag": 3, "action_time": "2018-02-26T06:34:42.335Z", "object_repr": "efefe", "object_id": "52", "change_message": "", "user": 1, "content_type": 7}, "model": "admin.logentry", "pk": 46}, {"fields": {"action_flag": 3, "action_time": "2018-02-26T06:34:42.460Z", "object_repr": "\u963f\u9053\u592b", "object_id": "51", "change_message": "", "user": 1, "content_type": 7}, "model": "admin.logentry", "pk": 47}, {"fields": {"action_flag": 3, "action_time": "2018-02-26T06:34:42.554Z", "object_repr": "\u963f\u9053\u592b", "object_id": "50", "change_message": "", "user": 1, "content_type": 7}, "model": "admin.logentry", "pk": 48}, {"fields": {"action_flag": 3, "action_time": "2018-02-26T06:34:42.647Z", "object_repr": " Django\u7684\u4fe1\u53f7\u673a\u5236\u8be6\u89e3", "object_id": "43", "change_message": "", "user": 1, "content_type": 7}, "model": "admin.logentry", "pk": 49}, {"fields": {"action_flag": 3, "action_time": "2018-02-26T06:34:42.725Z", "object_repr": " Django\u7684\u4fe1\u53f7\u673a\u5236\u8be6\u89e3", "object_id": "42", "change_message": "", "user": 1, "content_type": 7}, "model": "admin.logentry", "pk": 50}, {"fields": {"action_flag": 3, "action_time": "2018-02-26T06:34:42.819Z", "object_repr": " Django\u7684\u4fe1\u53f7\u673a\u5236\u8be6\u89e3", "object_id": "41", "change_message": "", "user": 1, "content_type": 7}, "model": "admin.logentry", "pk": 51}, {"fields": {"action_flag": 3, "action_time": "2018-02-27T07:40:07.140Z", "object_repr": "Message object", "object_id": "14", "change_message": "", "user": 1, "content_type": 11}, "model": "admin.logentry", "pk": 52}, {"fields": {"action_flag": 3, "action_time": "2018-02-27T07:40:07.250Z", "object_repr": "Message object", "object_id": "13", "change_message": "", "user": 1, "content_type": 11}, "model": "admin.logentry", "pk": 53}, {"fields": {"action_flag": 3, "action_time": "2018-02-27T07:40:07.343Z", "object_repr": "Message object", "object_id": "12", "change_message": "", "user": 1, "content_type": 11}, "model": "admin.logentry", "pk": 54}, {"fields": {"action_flag": 3, "action_time": "2018-02-27T07:40:07.421Z", "object_repr": "Message object", "object_id": "11", "change_message": "", "user": 1, "content_type": 11}, "model": "admin.logentry", "pk": 55}, {"fields": {"action_flag": 2, "action_time": "2018-02-27T07:51:03.734Z", "object_repr": "<UserMessagesCount 5: 0>", "object_id": "5", "change_message": "Changed unread_count.", "user": 1, "content_type": 12}, "model": "admin.logentry", "pk": 56}, {"fields": {"action_flag": 2, "action_time": "2018-02-27T07:53:27.515Z", "object_repr": "<UserMessagesCount 5: 0>", "object_id": "5", "change_message": "Changed unread_count.", "user": 1, "content_type": 12}, "model": "admin.logentry", "pk": 57}, {"fields": {"action_flag": 2, "action_time": "2018-02-27T08:57:06.109Z", "object_repr": "<UserMessagesCount 5: 0>", "object_id": "5", "change_message": "Changed unread_count.", "user": 1, "content_type": 12}, "model": "admin.logentry", "pk": 58}, {"fields": {"action_flag": 2, "action_time": "2018-02-28T02:29:28.750Z", "object_repr": "<UserMessagesCount 1: 0>", "object_id": "1", "change_message": "Changed unread_count and total_count.", "user": 1, "content_type": 12}, "model": "admin.logentry", "pk": 59}]